profile_id,profile_visibility,phone_public,email_public,birthday_public,location_public,workplace_public,education_public,relationship_public,posts_public,location_tagging,travel_posts,unknown_connections,tag_review_enabled,third_party_apps_reviewed,mfa_enabled,login_alerts_enabled,password_reuse_reported,suspicious_link_awareness,old_posts_reviewed,privacy_settings_reviewed,risk_score,risk_level,category_profile,category_personal_info,category_location,category_content,category_connections,category_tagging,category_account_security,category_third_party,category_social_engineering,category_digital_footprint
SYN-000001,PUBLIC,true,false,true,true,false,false,false,false,false,true,OFTEN,false,false,false,false,false,HIGH,false,true,57,HIGH,68,71,80,0,68,70,70,70,0,68
SYN-000002,NOT_SURE,false,false,false,false,false,false,false,false,true,false,NEVER,true,true,false,false,false,HIGH,true,false,50,HIGH,17,36,70,33,34,70,71,70,73,17
SYN-000003,PRIVATE,false,false,false,false,false,false,false,false,false,true,SOMETIMES,true,false,false,true,false,LOW,true,true,45,HIGH,34,16,33,37,74,38,70,40,68,34
SYN-000004,PRIVATE,false,true,false,false,false,false,false,false,false,false,NEVER,false,true,true,false,false,HIGH,false,true,45,HIGH,36,66,0,42,38,75,35,70,72,68
SYN-000005,FRIENDS_ONLY,false,true,false,false,false,false,true,true,true,false,NEVER,false,true,true,true,true,MEDIUM,false,true,62,HIGH,34,70,75,38,76,83,70,70,37,72
SYN-000006,FRIENDS_ONLY,false,false,true,false,false,true,false,false,false,false,NEVER,true,false,false,false,true,HIGH,false,false,44,HIGH,40,74,37,0,38,18,39,83,73,19
SYN-000007,PRIVATE,true,false,false,true,true,true,true,false,false,false,OFTEN,false,true,true,true,false,HIGH,false,true,62,HIGH,78,77,75,67,74,43,73,0,38,17
SYN-000008,PRIVATE,true,true,true,false,true,false,false,true,false,false,NEVER,true,true,false,true,false,HIGH,true,true,53,HIGH,38,81,35,37,36,35,69,38,68,80
SYN-000009,PRIVATE,false,false,false,false,false,false,false,false,false,true,NEVER,false,true,false,true,false,HIGH,false,true,45,HIGH,17,19,67,17,70,73,36,43,70,74
SYN-000010,PUBLIC,false,false,false,false,false,false,false,true,true,false,NEVER,false,false,false,true,true,UNKNOWN,true,false,59,HIGH,72,66,33,68,38,78,73,70,68,17
SYN-000011,PRIVATE,false,true,true,false,true,true,false,false,false,true,NEVER,true,false,true,true,false,HIGH,false,false,60,HIGH,70,77,73,35,36,80,35,75,80,42
SYN-000012,PRIVATE,false,true,false,false,true,false,false,false,false,false,OFTEN,false,true,true,true,false,UNKNOWN,true,false,56,HIGH,34,69,35,73,72,18,70,35,72,38
SYN-000013,PRIVATE,true,false,false,true,false,false,false,false,false,false,OFTEN,true,false,false,false,true,HIGH,true,true,52,HIGH,38,37,73,37,74,80,76,70,17,0
SYN-000014,PRIVATE,false,false,false,false,false,true,false,false,false,true,NEVER,false,true,true,false,true,HIGH,true,false,52,HIGH,68,73,33,35,0,85,74,0,67,76
SYN-000015,PUBLIC,false,false,false,false,true,true,false,false,false,false,NEVER,true,true,true,true,false,HIGH,true,false,47,HIGH,86,74,17,38,17,0,65,40,35,80
SYN-000016,PRIVATE,false,false,false,false,false,false,true,true,false,true,SOMETIMES,true,true,false,false,false,HIGH,true,true,59,HIGH,42,73,37,80,82,0,73,43,75,34
SYN-000017,PRIVATE,true,false,false,false,false,false,false,false,false,false,SOMETIMES,false,true,true,false,false,MEDIUM,false,false,57,HIGH,17,69,35,72,74,40,65,73,78,44
SYN-000018,NOT_SURE,true,false,true,true,false,false,true,true,true,false,NEVER,true,true,true,true,false,HIGH,true,true,53,HIGH,38,40,82,77,80,0,36,40,70,17
SYN-000019,PRIVATE,false,false,false,false,false,true,false,false,false,true,SOMETIMES,true,false,true,true,true,LOW,true,true,59,HIGH,68,70,67,37,38,73,68,18,77,40
SYN-000020,PUBLIC,false,false,false,false,false,false,true,true,true,false,SOMETIMES,true,false,true,true,true,HIGH,false,true,61,HIGH,80,69,72,78,38,0,73,38,33,76
SYN-000021,NOT_SURE,false,true,false,false,false,false,false,false,false,true,NEVER,true,false,false,true,false,HIGH,false,true,48,HIGH,38,69,70,0,0,70,71,38,35,80
SYN-000022,PRIVATE,true,false,false,true,false,false,false,false,false,true,NOT_SURE,true,false,true,false,false,LOW,true,true,40,MODERATE,17,34,37,35,38,35,75,18,68,0
SYN-000023,PRIVATE,true,false,false,false,false,false,true,false,false,false,NOT_SURE,false,true,true,true,true,LOW,false,true,53,HIGH,34,70,0,72,70,35,70,35,72,70
SYN-000024,PRIVATE,true,true,false,true,false,true,false,false,false,false,NEVER,false,true,false,true,false,HIGH,false,true,40,MODERATE,34,71,33,0,17,35,68,20,42,38
SYN-000025,NOT_SURE,false,false,false,false,false,false,false,true,false,false,OFTEN,false,true,true,true,true,HIGH,true,false,45,HIGH,36,33,17,67,78,40,71,40,33,36
SYN-000026,FRIENDS_ONLY,false,true,true,false,false,false,false,false,false,false,NEVER,true,true,true,true,true,HIGH,true,false,52,HIGH,84,69,0,33,70,35,65,40,78,38
SYN-000027,PRIVATE,true,false,false,true,false,false,false,true,true,false,NEVER,true,true,false,true,false,HIGH,false,false,57,HIGH,34,36,80,77,36,18,69,40,72,80
SYN-000028,PRIVATE,false,true,false,false,false,false,true,false,false,false,NEVER,false,true,true,true,false,MEDIUM,true,false,47,HIGH,72,36,35,35,40,70,68,18,37,68
SYN-000029,FRIENDS_ONLY,false,false,false,false,false,false,true,true,false,false,SOMETIMES,true,true,true,true,false,LOW,true,false,48,HIGH,78,36,35,37,72,18,35,18,83,70
SYN-000030,PUBLIC,false,false,false,false,true,false,false,true,false,false,SOMETIMES,true,true,true,true,false,HIGH,true,false,58,HIGH,76,67,70,85,36,0,66,0,38,78
SYN-000031,PRIVATE,true,true,false,false,true,false,false,true,false,false,NOT_SURE,false,false,true,false,false,HIGH,true,false,49,HIGH,72,39,17,43,17,80,70,45,68,72
SYN-000032,NOT_SURE,true,false,false,false,true,false,false,true,false,true,NEVER,true,false,true,false,false,HIGH,true,false,46,HIGH,76,70,40,38,34,38,38,75,17,40
SYN-000033,PRIVATE,false,false,false,false,false,true,false,false,false,false,NEVER,true,false,false,true,true,MEDIUM,false,true,55,HIGH,36,36,67,80,74,35,71,20,37,72
SYN-000034,PRIVATE,false,false,false,false,false,false,false,false,true,false,NEVER,true,true,true,true,false,MEDIUM,false,true,36,MODERATE,17,33,35,35,17,18,70,35,40,36
SYN-000035,PRIVATE,false,true,false,false,false,true,false,false,false,false,NEVER,true,false,false,false,false,MEDIUM,true,true,54,HIGH,84,73,68,33,72,0,18,78,40,72
SYN-000036,PRIVATE,false,false,false,false,false,false,false,false,false,false,NOT_SURE,true,false,true,false,true,MEDIUM,false,true,39,MODERATE,0,18,33,33,38,38,73,38,77,40
SYN-000037,PRIVATE,false,false,false,false,false,false,true,true,false,true,OFTEN,true,false,true,false,false,LOW,true,true,61,HIGH,76,69,70,80,80,0,35,43,72,38
SYN-000038,PRIVATE,false,false,true,true,true,false,true,false,true,false,NEVER,false,true,true,true,false,HIGH,true,true,50,HIGH,38,43,75,40,68,38,66,35,40,0
SYN-000039,FRIENDS_ONLY,false,false,false,true,false,true,true,true,false,false,SOMETIMES,false,false,true,false,false,MEDIUM,true,false,49,HIGH,38,71,67,37,42,75,38,35,35,36
SYN-000040,PRIVATE,false,false,false,false,false,true,true,false,true,false,RARELY,false,true,false,true,true,HIGH,true,true,40,MODERATE,36,37,35,37,40,38,35,75,73,0
SYN-000041,NOT_SURE,true,false,false,false,false,false,false,false,false,true,RARELY,true,false,true,false,false,HIGH,false,true,56,HIGH,38,36,73,72,38,18,73,40,70,76
SYN-000042,PRIVATE,true,false,false,false,true,true,true,false,true,false,SOMETIMES,true,false,false,false,false,HIGH,true,false,55,HIGH,70,74,38,40,38,38,73,90,38,42
SYN-000043,PRIVATE,false,true,true,false,false,false,false,false,false,false,NEVER,true,false,false,false,false,HIGH,false,false,54,HIGH,17,70,17,40,72,18,79,85,70,72
SYN-000044,PRIVATE,false,false,false,false,true,true,false,false,false,false,NEVER,true,false,true,true,false,MEDIUM,false,false,53,HIGH,42,69,33,68,38,70,70,35,35,80
SYN-000045,NOT_SURE,false,true,false,false,true,false,false,false,true,false,OFTEN,true,false,true,true,false,HIGH,true,true,58,HIGH,70,73,73,38,70,35,68,85,18,0
SYN-000046,PRIVATE,false,false,false,false,true,false,true,false,true,true,NEVER,true,false,true,false,false,HIGH,false,false,60,HIGH,68,71,73,67,34,70,69,38,35,46
SYN-000047,PRIVATE,false,false,false,true,true,true,false,false,true,true,NEVER,true,false,true,false,false,HIGH,true,true,51,HIGH,38,70,78,82,19,70,36,38,37,0
SYN-000048,PRIVATE,false,false,false,false,true,true,false,true,true,false,NOT_SURE,true,true,true,true,true,HIGH,true,false,46,HIGH,70,39,33,45,38,35,74,35,35,36
SYN-000049,PRIVATE,true,false,false,false,true,false,false,false,false,false,OFTEN,true,false,true,true,false,LOW,true,false,62,HIGH,72,71,75,75,76,0,34,83,78,19
SYN-000050,PRIVATE,false,false,false,false,false,false,false,false,false,false,NOT_SURE,true,false,true,false,false,HIGH,false,true,41,HIGH,36,33,17,35,78,70,34,38,72,17
SYN-000051,PRIVATE,false,true,true,true,false,false,false,false,true,false,NEVER,false,false,true,false,false,HIGH,false,true,46,HIGH,17,37,40,17,74,73,38,75,70,70
SYN-000052,FRIENDS_ONLY,true,true,false,false,false,true,true,false,true,false,NEVER,true,false,false,false,true,LOW,true,true,75,CRITICAL,82,81,72,73,72,70,88,78,73,34
SYN-000053,PUBLIC,false,false,false,false,false,false,false,true,false,true,NOT_SURE,true,true,true,true,true,HIGH,true,false,51,HIGH,76,33,33,75,19,75,70,20,67,34
SYN-000054,PRIVATE,false,false,false,false,false,false,false,false,true,false,NEVER,true,false,true,true,false,HIGH,true,true,53,HIGH,42,66,70,70,36,0,35,70,72,34
SYN-000055,PRIVATE,false,false,false,false,false,false,false,false,false,false,SOMETIMES,true,true,true,false,false,HIGH,true,false,50,HIGH,34,18,70,68,42,40,71,18,72,34
SYN-000056,FRIENDS_ONLY,true,false,true,false,true,false,false,false,false,false,NEVER,false,false,false,true,false,MEDIUM,false,true,41,HIGH,34,41,0,78,72,40,35,35,38,74
SYN-000057,NOT_SURE,false,false,true,false,false,false,false,false,true,false,SOMETIMES,true,true,true,false,true,MEDIUM,false,false,60,HIGH,82,67,72,33,38,0,73,0,85,86
SYN-000058,PRIVATE,false,false,false,false,true,false,false,false,true,false,NEVER,true,true,true,true,false,HIGH,true,false,48,HIGH,70,36,40,37,36,35,70,35,73,19
SYN-000059,PRIVATE,true,false,false,false,false,false,false,false,false,true,SOMETIMES,true,true,true,false,false,UNKNOWN,true,true,44,HIGH,38,33,73,37,34,40,40,40,38,72
SYN-000060,PUBLIC,true,false,true,true,true,false,false,false,false,false,NOT_SURE,false,false,true,true,true,MEDIUM,true,false,68,HIGH,70,71,70,77,17,70,70,85,77,84
SYN-000061,PRIVATE,false,false,false,false,true,true,false,false,true,false,NEVER,false,true,true,false,false,MEDIUM,true,false,57,HIGH,34,70,70,70,36,38,69,40,37,76
SYN-000062,PRIVATE,false,false,false,false,true,false,false,true,false,false,NEVER,true,false,true,true,false,HIGH,false,true,43,HIGH,17,34,72,80,38,18,16,85,20,80
SYN-000063,PRIVATE,false,false,false,false,false,false,false,false,false,false,NEVER,false,false,false,true,true,HIGH,true,true,55,HIGH,17,18,73,38,76,38,75,70,77,68
SYN-000064,NOT_SURE,true,false,true,false,false,false,false,false,true,false,SOMETIMES,true,true,false,true,false,HIGH,true,false,57,HIGH,76,73,80,73,38,18,35,70,37,38
SYN-000065,PUBLIC,false,false,false,false,true,false,false,false,false,false,NEVER,true,false,false,true,false,HIGH,false,false,39,MODERATE,82,33,17,0,36,0,65,75,37,44
SYN-000066,PRIVATE,false,false,false,false,false,false,true,false,true,true,SOMETIMES,true,false,true,true,false,HIGH,false,false,60,HIGH,68,71,75,33,76,40,33,80,72,40
SYN-000067,FRIENDS_ONLY,true,true,false,true,false,false,false,false,false,false,OFTEN,false,true,true,true,true,HIGH,true,false,52,HIGH,38,73,33,17,68,35,68,18,72,68
SYN-000068,FRIENDS_ONLY,false,false,false,false,true,false,false,true,true,false,NOT_SURE,true,true,false,false,true,LOW,true,false,46,HIGH,34,34,42,70,19,70,69,0,68,38
SYN-000069,PRIVATE,false,true,false,false,false,false,false,true,true,false,SOMETIMES,false,true,false,false,true,HIGH,true,true,50,HIGH,36,36,38,70,74,43,79,35,37,34
SYN-000070,NOT_SURE,false,false,true,false,true,false,true,false,false,false,OFTEN,true,true,true,false,true,HIGH,false,false,48,HIGH,40,40,33,35,70,78,79,20,33,44
SYN-000071,FRIENDS_ONLY,false,true,false,false,false,false,false,false,false,false,NEVER,false,true,true,true,true,LOW,false,true,50,HIGH,34,69,0,33,74,85,70,0,73,74
SYN-000072,PRIVATE,false,false,false,true,false,false,false,false,false,true,NEVER,false,true,true,true,true,LOW,false,true,48,HIGH,70,18,72,35,34,43,35,35,77,72
SYN-000073,PRIVATE,false,false,false,false,false,false,false,false,true,false,SOMETIMES,true,true,true,true,false,HIGH,true,true,53,HIGH,36,16,68,33,80,0,71,85,73,68
SYN-000074,PRIVATE,false,true,true,true,false,false,false,false,false,false,OFTEN,true,false,false,false,true,HIGH,false,true,63,HIGH,68,70,73,67,76,18,80,38,37,36
SYN-000075,PRIVATE,false,false,false,false,false,true,true,false,false,true,SOMETIMES,false,false,true,false,true,HIGH,true,true,58,HIGH,76,73,68,73,46,70,39,18,73,0
SYN-000076,PRIVATE,false,false,false,false,false,true,false,false,false,false,OFTEN,true,true,true,true,true,HIGH,false,false,63,HIGH,70,33,73,77,70,70,69,0,75,72
SYN-000077,PRIVATE,false,false,true,false,false,true,false,false,true,true,OFTEN,true,true,true,true,false,HIGH,false,true,54,HIGH,74,70,75,17,68,0,35,35,73,36
SYN-000078,PRIVATE,false,false,false,false,false,false,false,true,false,false,SOMETIMES,false,true,true,true,true,HIGH,false,false,58,HIGH,72,16,67,73,76,75,66,40,38,80
SYN-000079,FRIENDS_ONLY,false,false,false,false,true,false,false,false,false,true,RARELY,false,false,true,false,false,LOW,false,false,62,HIGH,40,66,77,38,70,38,73,38,68,74
SYN-000080,PRIVATE,false,false,true,false,false,false,false,true,false,false,NEVER,true,true,true,true,false,LOW,true,true,39,MODERATE,34,34,38,72,17,0,36,70,73,0
SYN-000081,PRIVATE,false,true,false,false,false,true,false,true,true,false,NEVER,true,false,false,true,false,LOW,false,true,50,HIGH,0,69,43,83,0,35,69,40,73,74
SYN-000082,PRIVATE,false,true,false,true,false,true,true,false,true,true,RARELY,false,true,false,true,false,MEDIUM,false,true,64,HIGH,74,79,75,80,38,38,76,35,33,76
SYN-000083,FRIENDS_ONLY,false,true,false,false,false,false,false,true,false,true,SOMETIMES,true,true,true,false,false,MEDIUM,false,false,46,HIGH,74,37,40,85,34,18,36,38,33,76
SYN-000084,PRIVATE,false,true,false,true,true,false,true,false,true,false,NOT_SURE,false,true,false,true,false,HIGH,true,false,55,HIGH,72,71,37,42,36,70,69,38,75,17
SYN-000085,PRIVATE,false,false,false,false,false,true,false,false,true,false,NEVER,true,true,false,false,false,HIGH,true,false,43,HIGH,17,67,40,35,44,0,38,70,35,88
SYN-000086,PRIVATE,false,false,false,true,false,false,true,false,false,false,NEVER,false,true,false,true,false,HIGH,true,true,53,HIGH,36,34,40,70,36,40,70,78,73,76
SYN-000087,PRIVATE,true,false,false,true,false,false,false,false,false,true,NEVER,false,true,false,false,false,MEDIUM,false,true,69,HIGH,70,66,82,72,38,78,75,70,80,38
SYN-000088,NOT_SURE,false,true,true,true,false,false,false,true,false,false,SOMETIMES,true,true,true,true,true,HIGH,true,true,55,HIGH,38,71,37,73,76,40,76,38,35,34
SYN-000089,PRIVATE,false,true,false,false,false,false,true,false,true,false,NEVER,false,false,false,false,true,HIGH,true,false,56,HIGH,68,71,33,42,72,43,76,73,35,34
SYN-000090,NOT_SURE,false,false,false,true,true,false,false,false,true,false,RARELY,false,true,false,true,true,HIGH,true,true,50,HIGH,70,33,82,37,19,70,73,85,17,0
SYN-000091,PRIVATE,false,true,false,false,false,false,false,false,false,false,NEVER,true,true,true,true,false,MEDIUM,true,true,39,MODERATE,38,37,0,35,68,75,16,35,77,68
SYN-000092,FRIENDS_ONLY,false,false,true,false,false,false,false,false,false,true,SOMETIMES,true,true,true,true,false,UNKNOWN,false,false,48,HIGH,40,33,43,72,38,0,65,78,42,76
SYN-000093,PRIVATE,false,false,true,false,false,false,false,true,true,false,NEVER,true,false,true,true,false,HIGH,true,true,51,HIGH,0,69,73,72,17,35,69,18,68,17
SYN-000094,PRIVATE,false,false,false,true,true,false,false,false,false,true,NEVER,false,false,false,true,true,HIGH,false,false,65,HIGH,80,71,78,68,72,40,74,43,33,44
SYN-000095,PRIVATE,true,false,false,false,true,true,true,false,true,false,RARELY,true,true,false,true,false,HIGH,true,true,66,HIGH,72,86,77,42,40,75,74,0,73,72
SYN-000096,PRIVATE,false,true,false,false,false,false,false,true,true,false,NEVER,false,false,true,true,false,HIGH,true,true,60,HIGH,36,66,73,72,74,78,74,80,17,0
SYN-000097,PRIVATE,false,true,false,false,true,false,false,false,true,true,SOMETIMES,true,false,true,false,true,MEDIUM,true,false,63,HIGH,17,77,77,73,38,0,75,75,83,76
SYN-000098,PRIVATE,true,false,false,true,false,false,true,false,true,false,NEVER,true,false,true,false,false,HIGH,true,false,58,HIGH,36,74,73,37,34,70,73,35,73,36
SYN-000099,PUBLIC,true,false,false,false,false,false,true,false,false,false,NEVER,false,true,true,false,false,LOW,true,false,50,HIGH,82,69,17,40,0,35,68,38,75,80
SYN-000100,PRIVATE,false,false,true,false,true,false,false,true,false,false,NEVER,true,true,true,true,false,MEDIUM,true,true,54,HIGH,70,74,35,83,36,40,65,35,37,36
SYN-000101,PRIVATE,false,true,false,false,false,false,false,false,false,false,NEVER,false,false,true,true,false,HIGH,true,true,46,HIGH,72,69,37,33,40,43,16,40,73,40
SYN-000102,PRIVATE,false,false,false,false,false,false,false,false,false,false,NEVER,false,true,true,false,false,MEDIUM,true,true,41,HIGH,36,16,35,38,17,70,76,35,33,80
SYN-000103,PRIVATE,false,false,true,false,true,true,true,false,true,false,SOMETIMES,false,false,true,false,true,MEDIUM,false,true,50,HIGH,17,43,70,72,36,75,41,38,47,78
SYN-000104,FRIENDS_ONLY,true,false,false,false,true,false,false,false,false,true,NEVER,true,false,false,false,false,MEDIUM,true,false,43,HIGH,38,37,37,20,76,0,79,35,35,34
SYN-000105,PRIVATE,false,true,false,false,false,true,false,true,false,true,SOMETIMES,false,true,true,true,true,HIGH,false,true,45,HIGH,34,71,38,73,34,35,65,0,0,68
SYN-000106,PRIVATE,false,false,false,true,false,true,false,false,true,true,SOMETIMES,false,true,false,false,false,MEDIUM,false,false,41,HIGH,19,34,78,17,34,75,19,20,78,44
SYN-000107,PRIVATE,true,true,false,false,false,false,false,false,true,false,NEVER,false,false,true,true,true,HIGH,false,true,51,HIGH,34,36,67,72,80,35,36,85,33,36
SYN-000108,PRIVATE,false,false,true,true,false,true,true,false,false,false,OFTEN,true,true,true,false,true,HIGH,true,true,56,HIGH,70,73,38,38,74,35,70,70,38,34
SYN-000109,PRIVATE,false,false,false,false,false,false,false,false,false,false,NEVER,false,true,true,false,false,HIGH,true,true,43,HIGH,72,66,35,17,0,73,39,0,82,34
SYN-000110,PRIVATE,false,false,false,false,true,true,false,false,false,true,NEVER,false,true,false,false,false,HIGH,true,false,50,HIGH,17,69,35,37,38,75,80,80,37,38
SYN-000111,NOT_SURE,false,false,false,false,false,true,false,false,true,false,NEVER,false,false,false,false,false,HIGH,false,true,50,HIGH,40,33,75,70,34,75,18,73,70,36
SYN-000112,FRIENDS_ONLY,true,false,false,false,false,false,false,false,false,false,NEVER,false,true,false,true,false,LOW,true,false,59,HIGH,36,66,72,75,34,73,71,18,73,19
SYN-000113,PRIVATE,false,false,false,false,false,false,false,false,false,false,OFTEN,true,true,false,false,false,MEDIUM,false,true,51,HIGH,72,70,0,70,72,0,75,38,42,36
SYN-000114,PRIVATE,true,true,true,false,false,false,false,false,true,false,NEVER,false,false,false,false,true,MEDIUM,true,false,51,HIGH,36,76,33,18,34,75,80,38,47,72
SYN-000115,PRIVATE,true,true,false,true,false,false,true,false,false,false,NEVER,false,true,false,true,false,HIGH,true,false,46,HIGH,17,81,38,33,36,40,71,18,38,40
SYN-000116,FRIENDS_ONLY,true,false,false,false,false,true,true,false,false,false,NEVER,false,true,true,true,false,HIGH,true,true,50,HIGH,72,77,68,70,0,35,34,0,38,68
SYN-000117,PRIVATE,false,false,false,false,true,false,false,false,false,false,OFTEN,true,true,true,false,false,HIGH,false,true,47,HIGH,17,33,33,78,76,35,69,0,37,76
SYN-000118,NOT_SURE,false,true,false,false,false,true,false,false,false,false,NOT_SURE,true,true,true,false,true,HIGH,false,false,53,HIGH,70,71,33,0,86,70,71,40,37,38
SYN-000119,PUBLIC,false,false,false,false,false,true,false,true,false,false,SOMETIMES,true,false,true,true,false,LOW,false,true,65,HIGH,78,66,0,67,80,80,73,83,95,72
SYN-000120,PUBLIC,true,false,false,false,false,true,true,true,true,true,NEVER,true,false,true,false,true,HIGH,false,true,55,HIGH,76,77,87,70,17,35,38,18,20,76
SYN-000121,PRIVATE,false,false,false,false,true,true,false,false,false,false,NEVER,true,true,true,true,true,HIGH,false,false,47,HIGH,17,70,0,73,38,0,73,35,70,80
SYN-000122,PRIVATE,true,false,true,false,true,true,false,true,false,false,RARELY,true,true,false,false,false,MEDIUM,true,false,60,HIGH,68,81,73,38,76,0,73,35,38,34
SYN-000123,PRIVATE,false,false,true,false,true,false,false,false,false,false,NEVER,true,true,true,false,false,HIGH,false,true,45,HIGH,17,74,0,37,76,20,71,18,70,36
SYN-000124,PRIVATE,false,false,true,false,false,true,true,false,true,false,NEVER,false,true,false,true,false,LOW,true,true,61,HIGH,68,74,43,73,72,40,38,75,75,72
SYN-000125,PRIVATE,false,false,false,false,true,false,false,true,true,true,NEVER,true,true,true,true,false,HIGH,false,true,39,MODERATE,34,71,72,40,34,18,0,0,20,74
SYN-000126,PRIVATE,true,true,true,false,true,true,false,false,false,false,NEVER,true,false,true,false,false,HIGH,false,false,46,HIGH,38,83,17,35,36,73,34,38,70,42
SYN-000127,FRIENDS_ONLY,false,true,false,false,false,true,true,false,false,false,SOMETIMES,false,true,true,true,false,UNKNOWN,false,false,43,HIGH,44,71,0,75,34,80,38,35,38,40
SYN-000128,PRIVATE,false,false,false,false,true,true,false,true,false,false,NOT_SURE,true,true,false,true,true,LOW,true,true,48,HIGH,0,77,17,75,74,35,40,35,80,34
SYN-000129,FRIENDS_ONLY,false,false,false,false,false,false,false,false,false,false,OFTEN,true,true,true,true,false,HIGH,true,true,36,MODERATE,40,0,18,67,72,35,16,18,72,68
SYN-000130,FRIENDS_ONLY,false,true,false,true,true,true,false,false,true,false,NEVER,true,true,true,true,false,MEDIUM,false,true,48,HIGH,38,39,37,68,72,80,36,18,70,34
SYN-000131,NOT_SURE,false,false,false,true,false,false,false,false,false,false,OFTEN,false,false,true,true,false,HIGH,true,false,40,MODERATE,36,0,37,17,72,88,68,35,37,38
SYN-000132,PRIVATE,false,false,true,false,false,true,false,false,false,true,SOMETIMES,false,false,true,false,false,HIGH,true,false,45,HIGH,17,36,73,20,34,38,68,20,70,36
SYN-000133,PRIVATE,false,true,false,false,false,false,false,false,false,false,SOMETIMES,false,false,false,false,false,UNKNOWN,false,true,44,HIGH,0,37,20,73,42,85,71,83,38,17
SYN-000134,FRIENDS_ONLY,true,false,false,true,false,false,true,false,false,false,NEVER,false,false,true,false,false,HIGH,false,true,64,HIGH,72,73,77,82,72,85,34,38,35,76
SYN-000135,PUBLIC,false,false,true,false,false,false,true,false,true,false,NOT_SURE,true,false,false,true,false,MEDIUM,true,true,47,HIGH,84,70,33,35,36,18,35,85,43,34
SYN-000136,PUBLIC,true,false,false,true,true,true,false,true,false,true,NEVER,false,true,true,false,false,HIGH,true,true,64,HIGH,68,79,77,37,76,70,70,18,78,0
SYN-000137,PRIVATE,true,false,true,false,false,false,true,false,true,false,NEVER,false,true,false,false,false,HIGH,true,false,67,HIGH,78,76,42,70,74,78,78,35,67,70
SYN-000138,FRIENDS_ONLY,false,false,false,true,false,false,false,false,false,false,NEVER,false,true,false,false,false,HIGH,true,false,41,HIGH,36,18,37,38,38,40,75,80,37,19
SYN-000139,PRIVATE,false,true,true,false,false,false,false,false,true,true,SOMETIMES,false,true,false,true,false,UNKNOWN,false,false,58,HIGH,72,36,75,70,34,48,70,35,72,46
SYN-000140,FRIENDS_ONLY,false,false,false,false,false,false,false,false,false,false,SOMETIMES,true,false,true,false,true,HIGH,false,true,43,HIGH,34,0,37,72,76,0,73,75,38,17
SYN-000141,PRIVATE,false,false,false,true,false,false,true,true,true,false,SOMETIMES,false,true,true,true,true,MEDIUM,true,true,42,HIGH,17,33,40,40,38,40,71,73,37,34
SYN-000142,NOT_SURE,true,false,false,false,true,false,true,false,true,false,NEVER,false,true,true,true,false,HIGH,true,true,52,HIGH,19,71,67,37,17,75,73,0,75,38
SYN-000143,PRIVATE,false,false,true,true,true,false,false,false,false,true,SOMETIMES,false,false,true,true,true,HIGH,true,true,57,HIGH,76,76,40,33,34,38,74,35,68,72
SYN-000144,PRIVATE,false,false,true,false,false,false,true,false,false,true,NEVER,true,true,false,true,false,HIGH,true,false,54,HIGH,72,70,70,72,17,80,39,0,38,72
SYN-000145,PRIVATE,false,false,false,false,true,false,false,true,false,false,NEVER,false,true,false,true,false,HIGH,false,true,49,HIGH,34,36,18,72,42,40,78,70,77,19
SYN-000146,PRIVATE,true,true,false,false,false,false,false,true,false,false,SOMETIMES,false,true,true,true,true,HIGH,true,false,47,HIGH,34,40,35,78,42,78,69,0,37,38
SYN-000147,NOT_SURE,false,false,false,false,true,false,true,true,true,true,NEVER,true,false,false,false,true,HIGH,true,true,51,HIGH,70,70,42,37,21,0,81,40,75,0
SYN-000148,PRIVATE,false,true,true,true,true,false,false,false,true,false,NEVER,false,false,false,false,false,HIGH,true,false,60,HIGH,42,73,70,77,17,73,70,70,38,76
SYN-000149,PRIVATE,true,true,false,false,false,false,false,false,false,false,NOT_SURE,true,false,false,false,false,UNKNOWN,true,false,47,HIGH,34,69,37,37,40,43,34,43,68,70
SYN-000150,FRIENDS_ONLY,true,false,true,false,false,false,false,true,false,false,OFTEN,false,false,true,true,true,HIGH,true,true,53,HIGH,42,73,33,38,76,78,38,78,37,76
SYN-000151,PRIVATE,true,true,true,true,false,true,true,true,true,false,NEVER,true,true,true,true,false,UNKNOWN,true,false,53,HIGH,36,80,87,82,19,18,16,70,40,72
SYN-000152,PRIVATE,false,false,false,false,false,true,false,false,false,false,SOMETIMES,false,true,true,false,true,HIGH,false,true,42,HIGH,17,34,20,77,38,48,71,35,17,78
SYN-000153,PRIVATE,false,true,true,false,false,true,true,false,false,false,NEVER,false,false,true,true,false,HIGH,false,true,40,MODERATE,36,43,17,33,19,50,65,90,33,38
SYN-000154,PRIVATE,true,false,false,true,true,false,true,false,false,true,NEVER,false,true,false,true,false,MEDIUM,false,false,55,HIGH,17,81,80,40,36,78,38,0,77,78
SYN-000155,FRIENDS_ONLY,true,false,false,false,false,true,false,true,false,false,NEVER,true,false,false,false,false,HIGH,true,false,49,HIGH,38,37,33,80,17,70,74,18,78,38
SYN-000156,FRIENDS_ONLY,false,false,false,false,true,true,false,false,false,false,NEVER,false,true,false,true,false,HIGH,false,false,52,HIGH,36,69,33,67,70,38,34,35,73,76
SYN-000157,PRIVATE,false,false,false,false,true,false,false,true,false,false,RARELY,false,true,false,true,true,HIGH,true,true,54,HIGH,21,70,67,38,70,38,36,75,73,36
SYN-000158,NOT_SURE,false,true,true,false,false,false,true,true,false,true,NEVER,true,false,true,true,true,LOW,true,false,56,HIGH,17,71,67,83,38,75,33,40,72,76
SYN-000159,PRIVATE,false,false,false,true,false,true,false,false,true,false,OFTEN,true,true,true,true,true,UNKNOWN,false,true,42,HIGH,40,37,37,68,80,70,33,0,20,34
SYN-000160,FRIENDS_ONLY,true,false,false,false,false,false,false,true,false,false,RARELY,false,false,false,false,false,HIGH,true,false,54,HIGH,36,70,33,83,38,85,40,40,72,74
SYN-000161,PRIVATE,true,false,true,false,false,false,false,false,false,false,NEVER,true,true,true,true,false,HIGH,true,true,47,HIGH,0,37,67,17,74,18,68,70,38,72
SYN-000162,PRIVATE,false,false,true,true,false,false,true,false,false,false,NEVER,false,true,true,false,false,LOW,true,false,56,HIGH,74,69,37,70,74,75,36,0,78,17
SYN-000163,PRIVATE,true,true,false,false,true,false,false,false,false,true,OFTEN,true,true,true,true,true,HIGH,true,true,51,HIGH,76,41,38,75,70,18,35,35,70,38
SYN-000164,PRIVATE,false,false,false,true,false,false,true,true,false,false,NEVER,false,false,false,false,true,HIGH,true,true,62,HIGH,70,34,77,73,70,75,73,43,67,17
SYN-000165,NOT_SURE,false,false,false,false,false,false,false,false,false,false,NEVER,true,false,true,false,false,HIGH,false,false,44,HIGH,19,0,37,37,72,35,80,20,67,76
SYN-000166,NOT_SURE,false,false,false,true,true,false,true,false,false,false,NEVER,true,true,false,true,false,HIGH,true,true,50,HIGH,42,37,67,72,0,35,68,70,35,76
SYN-000167,PRIVATE,false,false,false,false,false,false,false,false,true,true,NEVER,true,true,true,true,false,HIGH,true,true,36,MODERATE,17,33,70,0,76,35,0,35,37,72
SYN-000168,PRIVATE,false,false,false,false,true,false,false,true,false,false,NEVER,false,true,true,false,false,UNKNOWN,false,false,37,MODERATE,0,34,38,35,34,80,39,0,72,38
SYN-000169,PRIVATE,false,true,false,false,false,false,false,false,true,false,SOMETIMES,true,true,true,false,false,MEDIUM,false,false,52,HIGH,17,69,67,38,80,75,34,18,38,88
SYN-000170,PRIVATE,false,false,true,false,false,false,false,false,true,true,SOMETIMES,false,false,false,false,false,HIGH,false,true,60,HIGH,70,33,88,35,40,40,73,83,72,68
SYN-000171,FRIENDS_ONLY,false,false,true,false,false,true,false,true,false,false,SOMETIMES,true,true,true,true,false,LOW,false,true,49,HIGH,74,71,35,33,40,35,35,0,78,70
SYN-000172,PRIVATE,false,true,false,true,false,true,false,true,false,true,NEVER,true,true,false,false,false,HIGH,false,false,57,HIGH,68,70,73,73,0,70,41,35,83,36
SYN-000173,PRIVATE,false,true,true,true,false,true,false,false,false,false,NEVER,false,true,false,true,false,HIGH,false,false,57,HIGH,68,74,67,77,0,85,75,0,37,38
SYN-000174,NOT_SURE,false,true,true,false,false,false,true,false,false,false,OFTEN,true,false,false,false,false,LOW,true,true,60,HIGH,40,39,67,35,78,70,71,75,77,70
SYN-000175,FRIENDS_ONLY,false,true,false,false,false,true,false,true,false,false,NEVER,false,false,false,true,true,HIGH,true,true,49,HIGH,38,71,33,70,34,35,40,18,70,76
SYN-000176,PRIVATE,false,false,true,false,false,false,false,true,false,false,NEVER,false,true,true,true,true,HIGH,true,true,56,HIGH,78,67,67,83,34,38,35,35,73,0
SYN-000177,PRIVATE,false,false,false,false,false,false,true,true,false,false,NEVER,true,true,true,true,false,HIGH,true,true,56,HIGH,68,69,35,77,72,38,33,75,78,0
SYN-000178,PRIVATE,false,false,false,false,false,false,false,false,false,false,NEVER,true,false,true,true,false,HIGH,false,true,48,HIGH,36,0,35,72,38,70,70,75,67,70
SYN-000179,FRIENDS_ONLY,false,false,true,true,true,false,true,false,false,false,SOMETIMES,true,false,false,false,false,HIGH,false,true,47,HIGH,82,39,68,38,38,35,39,38,17,72
SYN-000180,PRIVATE,false,false,false,false,false,false,false,false,false,false,NEVER,true,false,false,true,false,MEDIUM,true,true,35,MODERATE,34,18,0,17,68,0,74,40,73,0
SYN-000181,PRIVATE,false,true,false,false,true,false,false,true,false,false,NEVER,true,false,false,true,true,HIGH,true,true,53,HIGH,0,69,68,77,34,35,78,18,37,72
SYN-000182,PRIVATE,true,false,false,false,true,true,false,false,true,false,SOMETIMES,false,false,false,true,true,HIGH,true,false,60,HIGH,68,74,73,68,38,90,71,38,17,40
SYN-000183,PRIVATE,false,true,false,true,false,false,true,false,true,true,NEVER,false,false,true,true,true,HIGH,false,false,45,HIGH,34,69,42,38,17,75,36,18,68,44
SYN-000184,FRIENDS_ONLY,false,false,true,false,true,false,true,true,false,false,SOMETIMES,false,false,false,true,true,MEDIUM,false,true,45,HIGH,40,77,0,35,74,20,71,20,37,36
SYN-000185,PRIVATE,false,false,false,false,false,true,false,true,false,false,OFTEN,true,true,false,false,true,HIGH,false,true,51,HIGH,36,36,20,80,76,75,76,40,40,40
SYN-000186,NOT_SURE,false,false,false,true,true,false,true,false,false,false,SOMETIMES,true,true,true,false,false,HIGH,true,true,54,HIGH,38,71,73,33,36,35,68,20,80,19
SYN-000187,PRIVATE,false,true,false,false,false,false,false,false,false,false,NEVER,false,true,false,false,true,HIGH,true,true,51,HIGH,70,37,35,70,34,40,76,35,37,70
SYN-000188,FRIENDS_ONLY,false,true,false,false,false,false,false,false,false,true,NEVER,true,true,true,false,false,HIGH,true,true,50,HIGH,44,67,37,40,76,18,70,75,33,0
SYN-000189,PRIVATE,false,true,false,false,true,false,false,false,false,false,SOMETIMES,true,true,true,true,false,HIGH,true,false,54,HIGH,72,73,35,37,76,35,34,70,75,36
SYN-000190,PRIVATE,false,false,false,false,false,true,false,false,true,true,SOMETIMES,true,false,true,false,false,MEDIUM,true,false,47,HIGH,72,34,37,68,38,75,33,18,85,17
SYN-000191,NOT_SURE,false,false,true,false,false,false,false,false,false,false,NEVER,true,false,false,false,false,MEDIUM,true,true,40,MODERATE,36,33,33,17,72,0,68,18,33,70
SYN-000192,PRIVATE,false,true,false,false,false,false,false,false,false,false,OFTEN,true,true,true,false,false,HIGH,true,true,59,HIGH,34,69,38,67,78,73,68,20,72,68
SYN-000193,PRIVATE,true,false,true,true,true,false,true,false,false,true,RARELY,true,false,true,false,false,UNKNOWN,false,true,48,HIGH,34,76,40,37,70,18,38,18,73,34
SYN-000194,PRIVATE,false,false,false,false,false,false,false,false,true,false,NEVER,false,true,true,false,false,HIGH,false,false,35,MODERATE,36,16,33,38,0,20,70,20,38,72
SYN-000195,PRIVATE,false,false,false,false,true,false,false,true,true,false,NEVER,true,false,false,true,true,MEDIUM,true,true,46,HIGH,0,34,70,72,21,75,75,43,35,17
SYN-000196,PRIVATE,true,false,false,true,false,false,false,false,false,true,NEVER,false,true,false,true,false,HIGH,false,true,44,HIGH,34,70,38,33,38,73,38,0,70,19
SYN-000197,NOT_SURE,true,false,true,true,true,false,false,false,false,false,SOMETIMES,false,false,false,true,false,MEDIUM,false,true,44,HIGH,40,43,75,35,34,38,34,70,33,36
SYN-000198,PUBLIC,true,false,false,true,false,false,false,true,false,false,SOMETIMES,false,true,false,false,true,HIGH,false,true,56,HIGH,72,71,70,68,38,40,75,38,0,34
SYN-000199,PRIVATE,false,false,true,true,false,false,false,false,false,false,OFTEN,false,false,true,true,false,UNKNOWN,true,false,48,HIGH,17,69,70,37,72,40,35,40,40,34
SYN-000200,PUBLIC,false,false,false,false,false,false,false,false,false,true,NEVER,true,false,true,true,true,MEDIUM,true,true,45,HIGH,78,16,75,35,70,43,35,45,37,0
SYN-000201,FRIENDS_ONLY,false,true,false,false,false,false,false,false,false,true,SOMETIMES,true,true,false,true,false,HIGH,false,true,47,HIGH,44,33,77,20,38,70,71,18,40,19
SYN-000202,PRIVATE,true,false,false,true,true,true,false,false,true,false,NEVER,false,false,true,true,false,MEDIUM,false,true,56,HIGH,38,71,37,72,38,85,68,18,75,36
SYN-000203,PRIVATE,true,false,true,false,false,false,false,false,false,false,NEVER,true,true,true,false,false,HIGH,true,false,51,HIGH,70,70,0,75,72,40,39,18,67,74
SYN-000204,NOT_SURE,false,false,false,false,false,false,true,true,true,true,NEVER,true,true,false,false,false,HIGH,true,true,50,HIGH,74,36,40,73,34,18,71,0,72,38
SYN-000205,PRIVATE,false,true,true,false,false,false,false,false,true,false,SOMETIMES,true,false,false,true,false,HIGH,true,true,44,HIGH,74,74,37,0,82,0,40,45,33,0
SYN-000206,NOT_SURE,false,false,false,false,false,false,false,true,false,true,NOT_SURE,false,false,true,true,false,HIGH,false,false,47,HIGH,36,0,68,67,36,73,66,35,40,78
SYN-000207,PUBLIC,false,false,true,true,true,true,false,false,false,true,NEVER,false,true,false,false,false,HIGH,true,true,58,HIGH,80,39,70,70,34,35,74,18,72,36
SYN-000208,PRIVATE,false,false,false,false,false,false,false,false,true,false,NEVER,true,true,true,true,false,HIGH,true,true,40,MODERATE,0,70,77,37,72,40,0,0,38,34
SYN-000209,FRIENDS_ONLY,false,true,true,true,false,true,false,true,false,false,NEVER,true,false,true,false,true,HIGH,false,true,54,HIGH,78,39,33,40,38,0,80,90,75,80
SYN-000210,PUBLIC,false,false,false,true,true,false,false,false,false,false,SOMETIMES,true,true,false,true,true,HIGH,true,true,46,HIGH,72,34,75,37,36,40,68,0,33,0
SYN-000211,PRIVATE,true,true,true,true,false,false,false,false,true,true,RARELY,true,false,true,true,true,HIGH,true,false,60,HIGH,0,71,82,33,74,70,74,40,77,42
SYN-000212,PRIVATE,false,false,false,true,true,false,true,true,false,true,NEVER,true,false,false,false,true,HIGH,false,false,55,HIGH,38,69,80,33,36,75,73,35,40,38
SYN-000213,PRIVATE,false,false,true,false,true,false,true,false,false,false,OFTEN,true,false,false,false,true,HIGH,true,true,64,HIGH,72,74,72,73,68,70,41,75,73,0
SYN-000214,PRIVATE,false,false,false,false,true,false,false,false,false,true,NEVER,false,false,false,true,false,HIGH,true,true,51,HIGH,36,69,33,73,68,78,35,38,35,68
SYN-000215,PRIVATE,false,true,false,false,false,false,false,false,true,true,RARELY,false,true,false,true,true,HIGH,true,true,57,HIGH,72,69,87,17,17,38,70,38,70,36
SYN-000216,PRIVATE,false,false,true,false,false,false,false,false,false,false,SOMETIMES,false,true,true,false,false,HIGH,false,false,45,HIGH,34,34,67,33,34,38,19,75,77,80
SYN-000217,NOT_SURE,true,false,true,false,false,false,false,false,false,false,NEVER,true,false,false,true,false,HIGH,true,false,49,HIGH,74,73,20,38,36,35,66,70,17,68
SYN-000218,PRIVATE,true,false,true,false,false,true,false,false,false,false,NOT_SURE,true,true,true,true,true,UNKNOWN,false,true,40,MODERATE,34,79,18,37,36,0,36,70,37,38
SYN-000219,PRIVATE,false,false,true,false,false,false,false,false,false,false,NEVER,true,true,true,false,false,HIGH,true,false,44,HIGH,34,37,35,67,36,0,36,70,67,76
SYN-000220,PRIVATE,true,true,false,true,true,true,true,false,true,true,NOT_SURE,false,false,true,true,true,HIGH,true,false,56,HIGH,36,80,78,17,36,75,73,75,35,34
SYN-000221,FRIENDS_ONLY,false,true,false,false,false,true,false,false,false,false,OFTEN,true,true,true,false,false,LOW,true,true,58,HIGH,74,36,35,73,72,0,73,73,70,76
SYN-000222,PUBLIC,true,false,true,false,false,false,false,true,false,false,NEVER,true,true,true,true,true,LOW,false,true,65,HIGH,70,71,70,35,68,38,68,70,72,78
SYN-000223,PRIVATE,false,false,false,false,false,false,true,false,false,false,RARELY,true,false,true,true,true,HIGH,false,false,48,HIGH,17,36,70,33,19,35,70,85,67,38
SYN-000224,NOT_SURE,false,true,false,false,false,false,true,false,true,false,NEVER,true,false,true,true,false,UNKNOWN,false,false,30,MODERATE,38,36,38,0,19,0,35,38,18,80
SYN-000225,PUBLIC,false,false,false,false,true,true,false,false,false,true,NOT_SURE,true,true,true,false,false,HIGH,true,true,51,HIGH,72,36,72,0,36,70,70,18,70,38
SYN-000226,FRIENDS_ONLY,true,false,true,true,false,true,false,false,false,false,RARELY,true,true,false,false,false,MEDIUM,false,true,54,HIGH,44,77,70,73,44,0,38,18,73,36
SYN-000227,PRIVATE,false,false,false,false,false,false,false,false,false,true,NEVER,true,true,true,true,false,HIGH,true,true,45,HIGH,70,66,37,37,0,75,68,35,20,17
SYN-000228,PRIVATE,false,false,false,true,true,false,true,true,true,false,OFTEN,true,true,true,true,false,MEDIUM,false,true,60,HIGH,76,70,70,77,72,73,38,0,33,68
SYN-000229,PRIVATE,false,true,false,false,false,true,false,false,false,true,RARELY,true,false,true,false,false,HIGH,true,false,48,HIGH,34,36,68,37,36,20,76,75,37,34
SYN-000230,PRIVATE,false,false,false,false,false,false,true,false,false,false,NEVER,false,false,true,true,false,HIGH,true,true,48,HIGH,70,36,68,33,84,35,35,18,33,40
SYN-000231,PRIVATE,false,false,false,false,true,false,false,false,false,false,NEVER,false,false,false,true,false,MEDIUM,true,true,54,HIGH,36,67,35,70,34,43,68,80,45,70
SYN-000232,FRIENDS_ONLY,false,false,true,true,false,false,false,false,false,false,NEVER,true,false,false,true,false,HIGH,true,true,42,HIGH,38,36,37,67,38,0,71,43,35,0
SYN-000233,PRIVATE,false,false,false,false,true,false,false,false,true,false,NEVER,false,true,true,false,false,HIGH,true,true,23,MODERATE,0,33,40,17,17,40,16,35,17,17
SYN-000234,PRIVATE,false,false,true,false,true,true,true,false,false,false,NEVER,true,true,true,true,false,LOW,true,false,54,HIGH,34,77,35,68,78,35,33,70,78,17
SYN-000235,FRIENDS_ONLY,false,false,false,false,false,false,true,false,false,false,NEVER,false,true,false,true,true,HIGH,false,true,47,HIGH,34,66,35,68,38,38,35,38,68,36
SYN-000236,NOT_SURE,false,false,false,false,false,true,false,false,false,true,NEVER,true,false,true,false,false,HIGH,false,true,51,HIGH,40,67,38,70,76,18,39,80,38,36
SYN-000237,PRIVATE,false,false,false,true,false,false,false,false,false,true,SOMETIMES,false,true,false,true,false,HIGH,true,false,41,HIGH,19,16,73,37,36,43,75,0,18,72
SYN-000238,FRIENDS_ONLY,false,false,false,false,false,true,false,false,false,false,RARELY,true,true,false,true,false,HIGH,false,true,45,HIGH,40,36,70,18,36,0,71,75,38,38
SYN-000239,FRIENDS_ONLY,false,true,false,false,false,true,true,false,false,false,OFTEN,false,true,false,true,false,LOW,true,true,59,HIGH,38,71,73,35,84,18,38,38,93,76
SYN-000240,PUBLIC,true,false,false,false,true,false,false,false,false,true,NEVER,true,false,true,false,false,HIGH,true,false,51,HIGH,92,73,37,70,0,35,71,38,0,70
SYN-000241,PRIVATE,false,false,false,false,false,false,true,true,false,false,RARELY,true,true,true,true,false,HIGH,false,true,40,MODERATE,0,67,33,47,74,35,34,0,37,44
SYN-000242,FRIENDS_ONLY,false,true,true,false,true,true,false,false,true,false,NOT_SURE,false,true,false,true,false,HIGH,false,false,55,HIGH,34,80,33,37,36,70,73,35,70,74
SYN-000243,FRIENDS_ONLY,false,false,true,true,true,false,true,false,true,false,OFTEN,true,true,true,false,true,HIGH,true,false,63,HIGH,42,77,75,70,76,35,75,0,40,80
SYN-000244,FRIENDS_ONLY,true,true,false,false,false,true,false,false,false,true,NEVER,true,true,false,true,false,HIGH,false,true,52,HIGH,76,77,77,38,0,35,35,0,70,76
SYN-000245,PRIVATE,false,true,false,false,true,false,false,false,false,false,NEVER,true,true,false,true,false,HIGH,true,true,61,HIGH,40,71,33,70,70,80,70,80,75,19
SYN-000246,PRIVATE,true,true,false,false,false,false,false,true,false,false,NEVER,false,false,false,false,false,HIGH,false,false,70,HIGH,72,71,70,73,76,73,75,35,70,70
SYN-000247,NOT_SURE,false,true,false,false,false,false,false,false,true,true,NEVER,true,true,true,false,false,HIGH,false,true,44,HIGH,17,66,43,67,70,38,36,38,20,17
SYN-000248,PUBLIC,false,false,true,false,false,true,true,false,false,false,NEVER,false,true,true,false,false,HIGH,true,false,54,HIGH,70,76,0,43,40,75,70,38,77,76
SYN-000249,PRIVATE,false,false,false,true,false,false,false,false,false,false,SOMETIMES,true,true,true,true,false,HIGH,false,false,32,MODERATE,34,16,33,37,82,0,0,0,70,38
SYN-000250,NOT_SURE,true,true,false,false,false,false,false,false,false,false,SOMETIMES,false,true,false,false,true,HIGH,false,true,43,HIGH,17,37,70,33,38,38,39,35,67,40
SYN-000251,PRIVATE,true,false,false,false,false,false,false,false,false,false,NOT_SURE,true,false,true,false,false,HIGH,true,true,35,MODERATE,0,69,17,18,17,0,38,80,72,34
SYN-000252,FRIENDS_ONLY,true,true,true,false,false,true,false,false,true,false,RARELY,true,true,false,true,true,HIGH,true,true,47,HIGH,34,77,35,17,36,40,38,75,70,70
SYN-000253,NOT_SURE,false,false,false,false,true,false,false,false,false,true,OFTEN,true,false,true,true,true,HIGH,false,true,51,HIGH,36,33,70,40,72,35,73,80,33,19
SYN-000254,PRIVATE,false,false,false,false,false,false,false,true,false,true,NEVER,true,false,true,false,false,HIGH,true,false,34,MODERATE,0,19,72,33,0,75,38,80,17,36
SYN-000255,NOT_SURE,false,false,true,false,true,false,false,true,false,true,NEVER,true,false,true,false,false,HIGH,true,true,51,HIGH,17,39,42,75,72,85,35,40,72,72
SYN-000256,FRIENDS_ONLY,false,false,true,false,true,true,true,false,false,true,NEVER,false,true,false,false,false,HIGH,false,true,42,HIGH,42,80,37,20,34,73,41,0,17,70
SYN-000257,PRIVATE,true,false,false,false,false,false,false,true,false,true,NEVER,false,false,true,true,false,HIGH,false,true,62,HIGH,72,71,73,47,72,38,68,38,40,70
SYN-000258,PUBLIC,false,false,false,false,false,false,false,false,true,true,NEVER,true,false,true,false,true,HIGH,false,true,47,HIGH,80,16,37,67,76,35,36,80,37,42
SYN-000259,PUBLIC,true,false,false,true,false,false,false,false,true,false,NEVER,false,false,true,true,false,UNKNOWN,true,true,56,HIGH,76,70,37,72,36,80,35,75,68,38
SYN-000260,NOT_SURE,false,false,false,false,false,false,false,false,false,false,NOT_SURE,true,false,true,true,false,HIGH,false,true,42,HIGH,42,18,33,70,74,70,0,18,78,68
SYN-000261,NOT_SURE,false,true,false,true,false,false,false,false,false,false,NEVER,true,true,true,false,false,HIGH,false,true,51,HIGH,74,33,68,77,40,73,33,45,35,38
SYN-000262,PRIVATE,false,true,false,false,false,false,false,false,false,false,OFTEN,true,false,false,true,false,HIGH,false,true,45,HIGH,38,36,0,37,68,70,71,75,33,72
SYN-000263,PUBLIC,false,true,false,true,false,false,false,false,true,false,OFTEN,false,true,true,true,false,HIGH,false,true,50,HIGH,68,36,38,40,72,93,66,40,35,17
SYN-000264,PUBLIC,false,true,false,true,false,false,true,true,true,true,NEVER,false,false,true,true,true,HIGH,true,true,55,HIGH,74,71,73,33,34,75,69,40,33,0
SYN-000265,FRIENDS_ONLY,false,false,false,false,true,false,false,false,false,false,SOMETIMES,true,true,false,true,false,HIGH,false,true,49,HIGH,38,69,0,72,38,35,71,18,70,76
SYN-000266,PUBLIC,false,true,false,false,false,false,false,true,false,false,NEVER,true,false,true,true,false,LOW,false,true,48,HIGH,70,33,35,73,34,35,34,48,73,80
SYN-000267,PRIVATE,true,false,false,true,false,false,false,false,true,false,SOMETIMES,true,true,true,false,false,LOW,true,true,47,HIGH,0,34,80,37,42,18,69,35,70,38
SYN-000268,PRIVATE,false,false,false,false,false,false,false,true,true,false,NEVER,false,false,true,true,false,HIGH,true,true,45,HIGH,34,16,33,77,0,85,73,85,33,72
SYN-000269,FRIENDS_ONLY,false,true,true,false,true,true,false,false,true,false,SOMETIMES,false,false,true,true,false,LOW,true,false,63,HIGH,36,80,77,80,72,18,34,80,67,72
SYN-000270,NOT_SURE,false,true,true,true,false,false,false,false,false,true,OFTEN,false,false,true,false,true,HIGH,true,false,60,HIGH,38,76,73,35,84,80,69,40,38,38
SYN-000271,FRIENDS_ONLY,false,false,false,false,false,false,false,true,false,false,NEVER,true,true,true,true,true,HIGH,true,true,48,HIGH,40,19,38,68,17,78,71,70,72,34
SYN-000272,FRIENDS_ONLY,false,false,false,false,false,false,true,false,true,false,NEVER,false,true,false,true,false,UNKNOWN,true,false,48,HIGH,34,34,38,70,0,40,70,70,68,76
SYN-000273,PUBLIC,false,false,false,true,false,false,true,true,true,false,NEVER,true,true,true,false,false,HIGH,false,true,58,HIGH,70,73,77,37,0,35,75,73,40,78
SYN-000274,PRIVATE,true,false,false,false,false,true,false,false,false,false,NEVER,true,true,false,true,false,MEDIUM,true,true,33,MODERATE,21,69,17,0,0,0,34,90,73,17
SYN-000275,PRIVATE,false,true,false,false,false,false,false,false,false,false,SOMETIMES,true,true,true,true,false,HIGH,false,true,40,MODERATE,38,36,75,68,76,18,0,0,35,19
SYN-000276,PUBLIC,false,false,false,true,false,false,false,false,false,false,NEVER,true,true,false,true,true,HIGH,true,true,49,HIGH,76,16,75,37,40,70,79,0,33,36
SYN-000277,PRIVATE,true,false,false,true,true,true,false,false,false,false,OFTEN,false,true,true,true,false,HIGH,false,true,53,HIGH,38,71,70,67,76,18,38,40,20,72
SYN-000278,PUBLIC,false,true,true,false,true,false,false,true,true,false,SOMETIMES,false,true,true,false,true,HIGH,true,true,48,HIGH,78,41,72,35,42,18,36,38,40,72
SYN-000279,FRIENDS_ONLY,false,false,false,true,false,false,false,false,false,false,OFTEN,true,true,true,true,false,HIGH,false,true,34,MODERATE,36,0,37,35,76,35,34,18,37,38
SYN-000280,FRIENDS_ONLY,true,true,false,false,false,false,false,true,false,false,NEVER,true,true,false,true,false,MEDIUM,false,false,52,HIGH,34,69,70,80,68,35,36,0,40,38
SYN-000281,PRIVATE,false,false,false,false,false,false,false,true,true,false,NEVER,true,true,true,false,true,MEDIUM,false,false,35,MODERATE,19,0,40,78,0,90,38,35,38,74
SYN-000282,PRIVATE,false,false,false,false,false,false,true,false,true,false,NEVER,true,true,true,false,false,HIGH,false,true,39,MODERATE,38,36,37,22,36,70,66,0,35,38
SYN-000283,PRIVATE,true,false,false,false,false,false,false,false,true,false,NEVER,true,true,true,false,false,HIGH,true,true,39,MODERATE,34,66,35,18,36,18,78,18,18,0
SYN-000284,NOT_SURE,false,false,false,false,false,true,true,false,false,true,NEVER,false,true,false,false,false,UNKNOWN,true,true,52,HIGH,19,40,73,70,0,38,79,35,72,76
SYN-000285,PRIVATE,false,false,false,true,false,false,false,false,false,true,NEVER,true,true,false,false,true,MEDIUM,false,true,54,HIGH,38,19,72,40,36,35,83,70,77,76
SYN-000286,PRIVATE,true,false,false,true,false,false,false,true,false,false,NEVER,false,true,false,true,false,HIGH,false,true,48,HIGH,40,36,40,78,72,70,36,0,70,38
SYN-000287,PRIVATE,true,false,false,false,false,true,false,true,true,false,SOMETIMES,false,false,false,true,false,HIGH,true,true,50,HIGH,40,69,72,80,40,40,18,43,40,34
SYN-000288,PRIVATE,false,false,true,false,true,false,false,false,false,false,NEVER,false,false,false,true,true,HIGH,true,true,42,HIGH,17,71,17,70,0,38,39,73,72,36
SYN-000289,PRIVATE,false,false,false,false,false,false,false,false,false,false,RARELY,false,false,true,true,false,MEDIUM,false,false,47,HIGH,72,18,17,68,38,80,65,80,38,38
SYN-000290,PRIVATE,true,false,false,false,false,false,false,false,true,true,NEVER,false,true,true,true,false,LOW,false,false,50,HIGH,72,67,37,33,68,40,18,75,70,38
SYN-000291,NOT_SURE,false,false,true,false,false,true,false,true,true,false,NEVER,false,false,true,true,false,HIGH,false,false,46,HIGH,17,37,33,75,78,75,18,20,68,76
SYN-000292,PRIVATE,true,false,true,false,true,false,true,true,false,true,NEVER,true,false,true,true,true,HIGH,true,true,57,HIGH,0,80,75,38,36,70,66,75,72,34
SYN-000293,PRIVATE,false,false,false,false,true,false,false,false,false,false,NEVER,true,false,false,true,false,LOW,true,true,41,HIGH,38,36,17,35,0,35,75,80,73,34
SYN-000294,PUBLIC,false,false,false,false,false,false,false,false,false,false,NEVER,true,true,false,false,false,MEDIUM,false,true,40,MODERATE,74,16,37,35,17,18,38,40,70,76
SYN-000295,PRIVATE,true,false,false,false,false,true,true,false,false,false,NEVER,false,true,true,true,false,HIGH,false,true,44,HIGH,17,39,35,77,70,75,38,0,33,68
SYN-000296,PRIVATE,true,false,false,false,false,false,false,false,true,false,RARELY,true,true,false,true,false,HIGH,true,true,42,HIGH,36,36,37,17,38,18,73,38,73,17
SYN-000297,PUBLIC,false,false,false,true,false,true,true,false,false,true,NEVER,false,false,false,false,false,HIGH,false,true,54,HIGH,78,73,43,35,17,40,70,78,38,76
SYN-000298,PRIVATE,false,true,true,false,false,false,false,true,true,false,NEVER,true,true,true,true,true,HIGH,true,true,48,HIGH,0,70,70,73,0,0,79,18,67,0
SYN-000299,PRIVATE,false,false,true,false,true,true,false,false,false,true,OFTEN,true,false,true,false,true,HIGH,true,false,59,HIGH,72,74,33,37,80,70,76,78,37,34
SYN-000300,PRIVATE,false,true,false,true,false,false,true,false,false,false,NOT_SURE,true,true,false,true,true,HIGH,true,false,41,HIGH,34,36,35,77,38,20,39,35,38,70
SYN-000301,PRIVATE,false,false,false,false,false,false,false,true,false,false,SOMETIMES,false,true,true,true,false,LOW,false,true,45,HIGH,70,16,67,40,38,73,34,0,82,19
SYN-000302,PRIVATE,false,true,false,false,false,true,true,false,false,true,NEVER,true,true,true,false,false,LOW,false,false,52,HIGH,68,77,37,37,34,70,39,20,72,74
SYN-000303,PRIVATE,false,false,false,false,false,false,false,false,false,true,OFTEN,true,true,true,true,false,HIGH,true,true,44,HIGH,38,18,33,35,74,70,66,73,33,21
SYN-000304,PRIVATE,false,false,false,false,false,false,false,false,false,false,NEVER,true,true,true,false,false,HIGH,false,true,38,MODERATE,74,16,18,75,17,70,38,0,38,68
SYN-000305,NOT_SURE,false,false,false,true,true,false,false,false,false,false,NEVER,true,true,true,true,false,HIGH,true,false,40,MODERATE,38,33,37,17,34,70,65,18,33,70
SYN-000306,PUBLIC,false,false,false,false,false,true,false,true,false,false,NEVER,false,true,false,true,false,HIGH,true,false,47,HIGH,80,66,33,78,0,83,35,35,18,76
SYN-000307,PRIVATE,false,false,false,false,false,true,false,false,false,false,NEVER,false,true,true,true,true,MEDIUM,false,true,39,MODERATE,38,34,37,67,17,88,35,18,33,42
SYN-000308,FRIENDS_ONLY,false,false,false,false,false,false,false,false,false,false,NEVER,true,true,false,true,true,HIGH,true,false,51,HIGH,40,0,67,75,34,73,73,40,73,38
SYN-000309,PRIVATE,false,true,false,false,false,false,false,true,false,false,NEVER,true,false,true,false,true,HIGH,true,true,44,HIGH,40,34,35,35,68,18,69,43,43,38
SYN-000310,PRIVATE,false,false,true,true,false,true,false,false,false,false,NEVER,false,true,false,false,false,MEDIUM,true,true,39,MODERATE,36,71,37,37,0,78,39,0,38,34
SYN-000311,PRIVATE,false,false,false,false,false,false,true,true,true,false,OFTEN,true,false,false,true,false,HIGH,false,false,49,HIGH,80,69,35,37,74,18,18,38,68,36
SYN-000312,PRIVATE,false,false,false,false,false,false,false,false,false,false,RARELY,false,true,true,true,false,LOW,true,true,49,HIGH,34,34,33,68,72,78,36,18,78,74
SYN-000313,FRIENDS_ONLY,false,true,false,true,false,false,false,true,false,false,NEVER,true,true,false,false,false,HIGH,false,true,59,HIGH,36,70,70,73,34,38,79,18,73,34
SYN-000314,PRIVATE,false,true,false,false,false,true,false,false,false,false,NEVER,false,true,true,false,false,HIGH,true,true,42,HIGH,0,37,68,75,34,40,38,35,35,38
SYN-000315,PRIVATE,true,false,false,true,false,false,false,false,true,false,NEVER,true,true,true,false,false,HIGH,true,false,50,HIGH,34,34,77,37,74,0,71,0,72,19
SYN-000316,PRIVATE,true,false,false,false,true,false,true,false,true,false,NEVER,true,true,true,false,false,HIGH,true,true,45,HIGH,42,39,37,73,38,70,38,35,72,0
SYN-000317,PRIVATE,false,false,true,true,false,false,false,false,true,false,SOMETIMES,false,false,true,true,false,HIGH,false,false,54,HIGH,38,36,72,33,40,75,66,75,68,44
SYN-000318,PRIVATE,false,false,true,false,true,false,false,false,false,false,RARELY,true,true,false,true,false,MEDIUM,true,true,46,HIGH,70,70,17,70,40,0,38,40,35,68
SYN-000319,PUBLIC,false,false,false,true,false,false,false,false,true,false,NEVER,false,false,false,true,true,HIGH,true,false,32,MODERATE,80,0,38,33,0,20,38,18,37,72
SYN-000320,PRIVATE,true,false,true,false,false,false,true,false,true,false,NEVER,true,true,true,true,false,MEDIUM,true,true,52,HIGH,0,77,35,73,17,40,74,35,78,68
SYN-000321,PRIVATE,false,false,false,true,false,false,false,false,false,true,NEVER,true,false,false,false,false,HIGH,true,true,38,MODERATE,17,18,72,35,80,0,38,43,22,17
SYN-000322,PRIVATE,false,true,false,false,false,false,false,true,true,false,NEVER,true,false,false,true,false,HIGH,true,true,47,HIGH,40,37,70,35,34,18,65,80,37,34
SYN-000323,FRIENDS_ONLY,false,false,false,false,false,false,true,false,false,true,RARELY,true,true,true,false,true,UNKNOWN,true,true,54,HIGH,76,39,77,72,70,18,39,18,75,0
SYN-000324,FRIENDS_ONLY,false,true,true,false,false,true,false,false,false,false,SOMETIMES,true,true,false,true,false,LOW,false,false,59,HIGH,38,73,68,17,76,35,70,0,82,76
SYN-000325,PRIVATE,false,false,false,false,false,false,true,false,false,true,NEVER,true,true,true,true,false,HIGH,true,true,49,HIGH,38,34,70,17,72,70,70,20,18,72
SYN-000326,PRIVATE,false,false,false,false,false,false,false,false,true,false,NEVER,true,false,true,false,false,LOW,false,false,40,MODERATE,70,0,37,68,0,70,18,70,68,80
SYN-000327,PRIVATE,false,true,false,false,false,false,true,false,false,false,RARELY,true,false,false,true,false,HIGH,true,false,56,HIGH,72,71,35,72,36,70,38,38,77,72
SYN-000328,PRIVATE,true,false,false,true,false,false,false,false,false,false,OFTEN,false,true,true,true,true,HIGH,false,true,49,HIGH,72,36,33,18,72,40,78,38,33,68
SYN-000329,PRIVATE,false,true,false,false,true,false,false,false,false,false,RARELY,true,true,true,true,true,HIGH,true,false,42,HIGH,78,37,35,73,17,35,34,85,17,38
SYN-000330,PRIVATE,false,false,false,false,false,false,true,true,false,false,NOT_SURE,true,true,true,false,false,MEDIUM,true,true,51,HIGH,68,70,72,80,17,0,36,0,77,0
SYN-000331,PUBLIC,true,false,false,false,false,false,false,true,false,false,RARELY,false,false,false,false,false,UNKNOWN,true,true,63,HIGH,82,67,70,78,36,75,41,85,73,34
SYN-000332,PUBLIC,true,true,false,false,true,false,true,true,false,false,OFTEN,false,true,false,true,false,HIGH,true,false,50,HIGH,78,77,0,78,68,35,68,18,17,36
SYN-000333,NOT_SURE,true,false,false,false,true,false,false,false,false,true,NEVER,true,true,true,true,false,UNKNOWN,true,true,40,MODERATE,36,69,35,17,68,0,34,18,42,34
SYN-000334,NOT_SURE,true,false,true,false,false,true,false,false,true,false,NEVER,false,true,false,true,false,HIGH,true,false,38,MODERATE,74,74,33,33,17,40,19,0,33,19
SYN-000335,FRIENDS_ONLY,false,false,false,false,true,false,false,false,true,false,NEVER,false,false,true,false,false,UNKNOWN,true,true,49,HIGH,36,69,73,67,0,38,68,45,35,0
SYN-000336,FRIENDS_ONLY,true,true,false,true,true,false,false,true,false,true,NEVER,false,true,true,false,false,HIGH,true,true,61,HIGH,76,71,75,40,72,40,70,70,33,19
SYN-000337,PRIVATE,true,false,false,false,false,false,true,true,false,false,NEVER,false,true,false,true,false,HIGH,true,false,65,HIGH,72,69,73,77,68,80,39,35,68,72
SYN-000338,FRIENDS_ONLY,true,false,false,false,true,false,false,false,false,false,NEVER,true,false,false,false,false,HIGH,false,false,44,HIGH,38,39,17,18,72,18,71,43,68,36
SYN-000339,PUBLIC,false,false,false,true,true,true,false,true,false,true,NEVER,true,true,true,false,true,MEDIUM,true,true,62,HIGH,78,73,77,43,70,70,73,35,37,17
SYN-000340,PRIVATE,false,true,false,false,true,false,true,false,true,true,OFTEN,false,false,false,true,false,UNKNOWN,false,true,49,HIGH,38,74,40,33,80,35,39,75,37,34
SYN-000341,PRIVATE,false,false,false,false,false,false,false,false,false,false,OFTEN,true,false,false,true,false,HIGH,true,false,48,HIGH,72,19,38,17,84,0,70,43,75,34
SYN-000342,FRIENDS_ONLY,true,false,false,false,true,true,false,false,false,false,NEVER,true,true,true,false,true,HIGH,false,false,40,MODERATE,44,40,35,0,17,75,75,35,40,40
SYN-000343,NOT_SURE,false,false,false,true,false,false,false,false,false,false,OFTEN,true,true,false,false,false,UNKNOWN,false,false,49,HIGH,74,16,75,33,68,0,39,70,42,76
SYN-000344,PRIVATE,false,false,false,false,true,false,false,false,false,false,OFTEN,true,true,false,false,false,HIGH,false,false,47,HIGH,36,33,38,17,76,43,73,0,70,74
SYN-000345,PUBLIC,false,false,true,true,false,true,true,false,true,true,OFTEN,true,false,false,true,false,MEDIUM,false,true,66,HIGH,72,74,83,38,70,75,36,75,73,76
SYN-000346,PRIVATE,false,true,true,false,false,true,false,false,false,false,NEVER,true,false,true,true,false,UNKNOWN,false,false,55,HIGH,72,73,67,18,17,18,68,38,72,70
SYN-000347,FRIENDS_ONLY,true,false,false,false,false,false,false,false,false,true,NEVER,true,true,true,true,false,MEDIUM,false,false,48,HIGH,46,36,40,67,38,43,66,40,37,72
SYN-000348,PRIVATE,true,false,false,false,false,false,false,false,false,false,NEVER,true,false,true,true,false,HIGH,false,true,47,HIGH,44,67,73,35,17,35,18,75,73,19
SYN-000349,PRIVATE,false,false,false,true,true,false,false,true,false,false,NEVER,true,true,true,true,true,MEDIUM,false,false,47,HIGH,70,70,42,40,0,35,34,35,73,74
SYN-000350,PUBLIC,false,true,false,true,false,false,false,false,false,true,NEVER,false,false,true,true,false,MEDIUM,false,true,62,HIGH,74,71,78,33,36,40,70,78,77,17
SYN-000351,PRIVATE,false,false,false,false,false,false,false,false,false,false,NEVER,true,true,true,true,true,UNKNOWN,true,false,40,MODERATE,19,16,18,70,44,0,79,40,37,72
SYN-000352,PRIVATE,false,false,true,true,false,false,false,true,false,false,SOMETIMES,true,false,true,false,false,HIGH,false,false,47,HIGH,36,34,35,73,40,38,70,40,35,74
SYN-000353,PRIVATE,false,false,false,true,false,true,false,true,true,false,NEVER,true,false,false,true,false,MEDIUM,true,true,56,HIGH,17,66,40,73,72,18,66,38,73,72
SYN-000354,PRIVATE,false,true,true,false,true,true,false,false,false,true,NOT_SURE,true,false,false,false,true,HIGH,true,false,44,HIGH,34,77,33,0,36,70,40,38,70,40
SYN-000355,PRIVATE,true,true,false,false,false,false,false,false,true,false,NEVER,true,true,false,true,true,HIGH,true,true,50,HIGH,34,39,70,77,40,75,73,40,0,34
SYN-000356,NOT_SURE,false,false,true,false,false,false,false,true,false,false,RARELY,true,false,true,false,false,MEDIUM,true,false,59,HIGH,70,70,33,78,78,75,33,75,42,82
SYN-000357,NOT_SURE,false,false,false,false,true,true,false,false,false,true,NEVER,true,false,true,true,false,MEDIUM,true,true,47,HIGH,36,70,38,70,21,35,73,38,38,0
SYN-000358,PRIVATE,true,true,false,false,false,true,true,true,false,false,NOT_SURE,true,true,false,true,false,HIGH,true,true,53,HIGH,34,77,67,77,40,70,18,70,42,38
SYN-000359,PUBLIC,false,false,true,false,false,false,true,false,false,false,NEVER,true,false,false,true,false,MEDIUM,true,true,52,HIGH,84,36,68,17,0,80,75,73,40,72
SYN-000360,PRIVATE,false,false,true,false,true,false,false,false,false,false,OFTEN,false,true,false,true,false,LOW,true,true,54,HIGH,76,71,35,0,76,78,69,0,83,0
SYN-000361,PRIVATE,false,false,true,false,false,false,false,false,true,false,NEVER,true,false,false,false,true,LOW,false,true,63,HIGH,68,70,67,70,38,80,71,38,68,38
SYN-000362,PRIVATE,false,false,false,false,false,true,false,false,true,false,NEVER,false,true,true,false,false,MEDIUM,true,true,42,HIGH,0,66,67,67,17,18,35,20,45,36
SYN-000363,PRIVATE,false,false,true,false,false,true,false,false,false,true,RARELY,false,true,true,true,true,HIGH,true,true,50,HIGH,34,37,37,68,21,20,73,73,72,72
SYN-000364,PRIVATE,false,false,false,false,true,false,false,false,false,true,NEVER,false,true,false,true,false,HIGH,false,true,40,MODERATE,0,66,38,37,0,78,69,0,33,72
SYN-000365,PRIVATE,false,true,true,true,false,false,false,true,false,true,NEVER,false,true,true,true,false,HIGH,true,false,49,HIGH,34,73,80,78,17,75,16,35,35,38
SYN-000366,PRIVATE,true,false,false,false,false,false,false,false,true,false,NEVER,false,true,true,true,false,HIGH,false,true,53,HIGH,34,66,33,68,70,70,68,35,17,76
SYN-000367,PRIVATE,false,true,false,false,true,true,true,false,false,false,NEVER,true,false,false,false,false,HIGH,false,true,50,HIGH,74,76,17,75,0,0,75,35,73,17
SYN-000368,PUBLIC,true,true,false,false,true,false,false,false,false,false,NEVER,true,true,true,false,false,HIGH,true,false,55,HIGH,72,76,70,37,36,70,39,0,75,40
SYN-000369,PRIVATE,false,false,true,true,false,true,false,false,false,false,NEVER,true,true,true,true,true,HIGH,true,false,47,HIGH,17,76,70,38,36,0,74,0,35,19
SYN-000370,FRIENDS_ONLY,true,true,false,false,false,true,true,false,false,false,OFTEN,true,true,true,true,false,MEDIUM,true,false,45,HIGH,34,80,37,38,68,0,34,70,35,34
SYN-000371,FRIENDS_ONLY,false,true,false,false,true,true,false,false,true,true,SOMETIMES,true,false,true,true,false,HIGH,true,false,58,HIGH,38,73,70,0,72,40,69,40,77,78
SYN-000372,FRIENDS_ONLY,false,true,false,false,true,false,true,true,true,false,NEVER,true,true,true,false,true,HIGH,true,true,48,HIGH,36,73,37,37,78,40,75,38,17,0
SYN-000373,PRIVATE,true,false,false,false,false,false,false,false,false,false,NOT_SURE,true,false,false,true,false,HIGH,true,false,51,HIGH,34,34,33,80,78,35,70,83,35,44
SYN-000374,PRIVATE,false,false,false,false,false,false,true,false,false,false,SOMETIMES,false,false,false,false,false,HIGH,false,true,65,HIGH,72,66,33,68,72,80,79,43,70,76
SYN-000375,PRIVATE,false,false,true,false,false,false,false,false,true,false,OFTEN,false,true,true,true,false,UNKNOWN,false,true,39,MODERATE,36,66,35,17,76,38,0,20,75,17
SYN-000376,PRIVATE,false,false,false,true,false,true,false,false,false,false,SOMETIMES,false,false,true,true,true,HIGH,true,true,52,HIGH,38,33,33,35,76,40,66,78,77,68
SYN-000377,PRIVATE,false,true,false,true,true,true,true,false,false,true,NEVER,true,true,true,true,false,MEDIUM,true,true,57,HIGH,17,80,73,35,76,38,69,70,37,36
SYN-000378,PRIVATE,true,true,true,false,false,false,false,false,false,false,SOMETIMES,true,true,true,true,false,HIGH,true,true,55,HIGH,38,41,37,70,74,75,65,38,78,34
SYN-000379,FRIENDS_ONLY,false,false,false,false,false,false,false,false,true,false,NEVER,true,true,false,false,true,UNKNOWN,true,true,41,HIGH,34,18,37,33,36,35,75,40,38,68
SYN-000380,PRIVATE,true,true,true,false,false,false,false,true,true,false,SOMETIMES,false,true,true,true,true,HIGH,true,true,57,HIGH,38,74,70,72,40,73,75,70,17,0
SYN-000381,PRIVATE,false,false,false,false,false,true,false,false,false,false,NEVER,true,true,true,true,false,LOW,true,false,40,MODERATE,34,36,37,78,38,35,19,0,90,17
SYN-000382,PRIVATE,false,true,true,false,true,false,false,false,false,false,NOT_SURE,true,false,false,false,false,HIGH,true,true,54,HIGH,68,71,38,73,70,38,74,78,0,0
SYN-000383,PUBLIC,false,false,false,false,false,false,false,false,false,false,NEVER,false,true,true,false,false,MEDIUM,false,true,45,HIGH,70,0,70,40,34,78,73,0,37,38
SYN-000384,PRIVATE,false,false,true,false,false,true,true,true,false,true,OFTEN,true,true,true,true,false,HIGH,true,true,39,MODERATE,0,39,42,77,68,20,18,0,72,34
SYN-000385,PRIVATE,false,false,false,false,false,false,false,false,true,true,OFTEN,true,true,true,true,false,HIGH,true,true,35,MODERATE,34,0,37,35,78,78,0,70,37,76
SYN-000386,PRIVATE,false,false,true,false,false,false,false,false,true,false,NEVER,true,false,true,true,false,HIGH,true,true,56,HIGH,72,66,80,70,72,35,34,38,33,17
SYN-000387,PRIVATE,false,true,false,false,false,false,false,false,false,false,NEVER,false,true,false,false,true,HIGH,false,true,48,HIGH,0,69,18,37,34,80,74,40,72,76
SYN-000388,PRIVATE,true,false,true,false,false,false,false,false,true,true,NEVER,false,false,false,false,false,HIGH,true,false,48,HIGH,36,36,80,72,0,38,70,35,18,74
SYN-000389,PRIVATE,true,false,false,false,false,false,false,true,false,false,OFTEN,true,true,false,true,false,UNKNOWN,true,true,54,HIGH,34,66,67,40,76,35,71,35,37,17
SYN-000390,PRIVATE,false,true,true,true,true,false,false,true,false,false,RARELY,false,true,true,true,false,HIGH,true,true,54,HIGH,34,80,38,70,40,43,68,35,70,19
SYN-000391,PRIVATE,false,false,false,true,false,false,false,false,false,false,NOT_SURE,true,false,true,false,false,HIGH,true,true,50,HIGH,0,36,77,72,21,70,81,73,37,21
SYN-000392,PRIVATE,false,true,true,false,false,false,true,false,false,false,SOMETIMES,true,true,true,false,true,HIGH,true,true,49,HIGH,17,39,33,18,84,18,78,70,77,40
SYN-000393,PRIVATE,false,false,false,false,false,true,false,false,true,false,NEVER,true,true,true,true,false,MEDIUM,false,false,42,HIGH,68,33,33,35,68,40,35,35,37,38
SYN-000394,PRIVATE,true,false,false,false,false,true,false,false,true,true,SOMETIMES,false,true,true,true,false,HIGH,true,true,50,HIGH,80,36,72,38,36,35,38,18,67,68
SYN-000395,PRIVATE,true,true,false,false,false,false,true,false,false,false,NEVER,false,false,false,true,false,HIGH,true,false,50,HIGH,80,41,75,33,34,38,41,38,67,19
SYN-000396,PRIVATE,false,true,true,false,true,false,false,false,true,true,NEVER,true,true,true,false,false,LOW,true,true,55,HIGH,0,77,38,37,80,70,79,0,73,70
SYN-000397,FRIENDS_ONLY,false,true,false,false,false,true,false,false,false,false,SOMETIMES,true,true,true,false,false,HIGH,false,true,46,HIGH,42,40,37,70,82,45,35,73,18,38
SYN-000398,PRIVATE,true,false,true,false,false,false,false,false,false,false,NEVER,true,true,false,true,false,MEDIUM,true,true,37,MODERATE,36,36,0,72,0,18,73,75,35,34
SYN-000399,PRIVATE,false,false,false,false,false,false,true,false,false,false,OFTEN,false,true,true,true,false,MEDIUM,true,false,46,HIGH,34,36,33,40,70,45,66,35,37,70
SYN-000400,PRIVATE,false,false,true,true,false,true,false,true,false,true,SOMETIMES,true,true,false,true,true,LOW,true,false,62,HIGH,70,74,77,42,74,35,35,75,82,34
SYN-000401,NOT_SURE,false,false,false,true,false,true,false,false,false,false,NEVER,true,false,false,true,true,HIGH,false,true,50,HIGH,78,34,35,68,34,38,76,18,35,82
SYN-000402,FRIENDS_ONLY,false,false,false,false,true,false,false,false,true,false,NEVER,true,false,true,false,false,HIGH,true,true,49,HIGH,42,39,77,35,34,40,68,20,38,68
SYN-000403,PRIVATE,true,false,false,true,false,false,false,false,false,false,NEVER,false,true,false,true,false,MEDIUM,true,false,44,HIGH,70,34,38,72,0,85,18,38,77,42
SYN-000404,PRIVATE,false,false,false,true,true,false,true,false,false,false,NEVER,true,false,true,false,false,LOW,true,true,44,HIGH,17,39,33,73,36,40,39,75,70,34
SYN-000405,PRIVATE,false,true,true,false,false,false,false,true,true,false,NEVER,true,true,true,true,false,HIGH,false,false,48,HIGH,68,39,72,67,38,0,34,35,40,72
SYN-000406,NOT_SURE,false,false,true,true,true,false,false,false,true,false,NEVER,false,true,true,false,false,HIGH,true,true,33,MODERATE,74,37,38,17,40,38,36,18,0,0
SYN-000407,PRIVATE,false,false,false,false,false,true,false,false,false,false,OFTEN,false,false,true,false,false,HIGH,false,true,54,HIGH,38,67,70,37,70,78,18,75,67,34
SYN-000408,PUBLIC,true,true,true,false,false,true,true,false,true,false,SOMETIMES,true,false,true,true,true,HIGH,true,true,55,HIGH,74,81,38,70,72,35,36,18,37,76
SYN-000409,PRIVATE,true,true,false,false,false,false,false,false,false,false,NEVER,false,false,false,true,false,HIGH,false,true,45,HIGH,36,71,17,35,70,70,39,75,33,19
SYN-000410,PRIVATE,false,false,false,false,false,false,false,true,true,true,NEVER,true,false,true,false,false,UNKNOWN,false,true,41,HIGH,17,16,40,73,70,18,40,83,38,40
SYN-000411,PRIVATE,false,false,true,false,false,false,false,false,false,false,SOMETIMES,true,false,true,true,true,HIGH,false,false,58,HIGH,72,37,67,42,76,0,75,43,68,72
SYN-000412,NOT_SURE,true,false,true,false,false,false,false,false,false,true,SOMETIMES,true,false,false,false,false,HIGH,true,false,52,HIGH,42,70,72,0,40,40,71,40,73,17
SYN-000413,NOT_SURE,false,false,false,false,false,false,false,false,false,true,NEVER,true,false,true,true,true,HIGH,true,true,50,HIGH,82,16,40,73,34,70,73,85,35,0
SYN-000414,NOT_SURE,false,false,false,false,true,false,true,false,false,true,NEVER,false,false,true,true,false,HIGH,true,false,58,HIGH,19,69,73,75,72,43,35,70,70,42
SYN-000415,PRIVATE,true,false,false,false,false,false,false,true,true,false,NEVER,true,false,false,true,false,HIGH,false,false,57,HIGH,68,66,40,70,68,38,39,35,70,76
SYN-000416,PRIVATE,false,false,false,true,false,true,false,false,false,true,NEVER,false,false,true,false,false,HIGH,false,false,49,HIGH,42,69,37,37,38,75,70,73,17,44
SYN-000417,PRIVATE,false,false,false,true,false,true,false,true,false,false,SOMETIMES,false,false,true,true,false,HIGH,true,true,47,HIGH,0,34,33,37,42,80,68,80,70,68
SYN-000418,PRIVATE,true,true,false,true,false,true,false,false,false,true,NEVER,true,true,true,true,false,HIGH,true,false,50,HIGH,17,74,42,70,78,70,33,40,18,74
SYN-000419,PUBLIC,false,false,false,false,false,true,false,false,true,false,NEVER,false,false,true,true,false,HIGH,true,true,45,HIGH,76,34,33,38,34,90,16,83,70,34
SYN-000420,FRIENDS_ONLY,true,true,false,false,true,false,false,false,true,false,SOMETIMES,true,true,true,true,true,HIGH,false,false,48,HIGH,38,71,33,67,40,18,36,38,75,38
SYN-000421,NOT_SURE,false,false,false,false,false,false,false,false,false,false,NEVER,true,false,false,true,true,HIGH,true,true,47,HIGH,40,16,33,18,70,70,69,43,70,76
SYN-000422,PRIVATE,false,true,true,false,false,false,false,false,false,false,SOMETIMES,false,true,true,false,false,HIGH,true,true,38,MODERATE,68,37,17,38,34,35,38,73,40,17
SYN-000423,PRIVATE,true,false,false,false,false,false,true,true,false,false,NEVER,false,false,false,true,false,MEDIUM,false,true,41,HIGH,36,40,0,33,38,85,73,43,35,72
SYN-000424,PRIVATE,false,true,false,true,false,false,false,false,false,true,OFTEN,true,false,false,true,true,HIGH,true,true,59,HIGH,80,33,77,35,84,80,79,75,33,0
SYN-000425,PRIVATE,false,true,true,false,false,false,false,false,false,false,NEVER,false,true,true,false,true,UNKNOWN,false,true,38,MODERATE,68,37,18,37,0,80,73,0,22,36
SYN-000426,PRIVATE,false,false,false,true,false,false,true,false,false,true,OFTEN,true,true,true,true,true,MEDIUM,false,true,49,HIGH,40,36,40,33,84,35,70,70,40,36
SYN-000427,PUBLIC,false,false,false,false,false,false,false,false,false,false,NEVER,false,false,false,false,true,HIGH,true,false,45,HIGH,70,0,35,38,42,80,78,83,35,19
SYN-000428,FRIENDS_ONLY,true,false,false,false,true,true,false,true,false,true,NEVER,false,false,true,false,true,LOW,true,true,51,HIGH,38,76,37,35,34,40,70,38,73,36
SYN-000429,PRIVATE,false,true,false,true,true,false,false,false,false,true,NOT_SURE,false,false,true,true,false,HIGH,true,false,48,HIGH,17,43,75,70,38,18,16,75,70,74
SYN-000430,PUBLIC,false,false,false,false,false,false,false,false,true,false,NOT_SURE,true,false,true,false,true,MEDIUM,true,true,40,MODERATE,76,16,38,33,36,18,39,75,37,72
SYN-000431,PUBLIC,false,false,true,false,false,true,false,false,true,false,NEVER,true,false,false,true,false,MEDIUM,false,true,50,HIGH,76,71,37,35,0,38,74,38,38,74
SYN-000432,PRIVATE,false,false,false,true,false,false,false,false,false,false,NEVER,false,true,false,true,false,MEDIUM,false,false,55,HIGH,74,16,67,38,74,40,70,70,42,76
SYN-000433,PUBLIC,false,false,false,false,false,true,false,true,true,false,RARELY,false,false,false,true,true,HIGH,false,true,62,HIGH,68,69,70,77,19,73,71,35,67,36
SYN-000434,PRIVATE,true,false,false,false,false,false,false,false,false,true,NEVER,false,true,true,true,false,HIGH,true,false,53,HIGH,70,37,35,35,68,73,70,35,72,34
SYN-000435,PRIVATE,false,true,false,false,true,false,true,false,false,false,NEVER,true,false,false,false,false,LOW,true,true,49,HIGH,68,77,17,18,34,35,79,40,68,0
SYN-000436,PRIVATE,false,false,true,false,true,false,false,false,false,false,NOT_SURE,false,true,true,false,true,HIGH,false,false,44,HIGH,72,37,17,37,70,23,41,18,80,40
SYN-000437,PRIVATE,false,false,false,true,false,false,false,false,false,false,NEVER,false,false,false,false,false,MEDIUM,false,true,38,MODERATE,17,18,37,17,70,38,69,40,37,36
SYN-000438,PUBLIC,false,true,false,false,false,true,false,true,false,false,NEVER,true,true,true,false,false,HIGH,true,false,49,HIGH,68,70,35,67,70,18,33,35,17,68
SYN-000439,PRIVATE,false,false,false,false,false,false,false,false,false,false,NEVER,true,false,false,true,true,UNKNOWN,true,true,29,MODERATE,36,0,17,38,36,0,69,40,20,19
SYN-000440,PUBLIC,false,false,false,true,false,false,false,true,true,false,NOT_SURE,true,true,false,true,false,MEDIUM,true,true,38,MODERATE,78,18,38,67,38,18,36,18,35,17
SYN-000441,PUBLIC,true,false,true,true,false,false,false,false,false,false,SOMETIMES,true,true,true,true,false,HIGH,false,true,57,HIGH,76,69,75,72,38,35,75,18,18,19
SYN-000442,NOT_SURE,true,true,false,true,false,false,true,true,true,false,NEVER,true,true,false,false,false,HIGH,false,true,51,HIGH,40,71,75,70,34,18,40,40,35,38
SYN-000443,PRIVATE,false,false,false,false,false,false,false,true,false,true,NEVER,false,true,false,false,false,UNKNOWN,false,false,53,HIGH,36,0,75,73,68,40,71,70,35,78
SYN-000444,PRIVATE,false,true,true,true,true,false,true,false,false,true,SOMETIMES,true,true,false,true,false,HIGH,false,false,58,HIGH,40,80,80,72,40,18,73,35,17,76
SYN-000445,PRIVATE,false,true,true,true,true,false,false,true,false,false,NEVER,false,true,true,false,false,UNKNOWN,true,true,40,MODERATE,0,71,35,40,38,38,38,0,78,17
SYN-000446,NOT_SURE,true,false,false,true,false,false,false,true,false,true,OFTEN,true,false,true,true,false,HIGH,true,true,54,HIGH,70,69,73,70,68,40,38,18,0,70
SYN-000447,FRIENDS_ONLY,true,false,true,false,false,true,false,true,true,false,NEVER,true,false,false,false,true,HIGH,false,false,58,HIGH,38,77,33,73,17,38,80,75,68,76
SYN-000448,PRIVATE,true,false,false,true,false,false,false,false,true,false,NEVER,false,false,false,false,true,HIGH,true,true,49,HIGH,0,33,75,40,72,20,75,45,67,0
SYN-000449,PRIVATE,true,false,false,false,false,false,false,false,false,true,NEVER,true,false,false,false,false,MEDIUM,true,true,42,HIGH,74,33,38,40,0,70,36,45,73,36
SYN-000450,PRIVATE,false,false,false,true,false,false,false,false,true,false,NEVER,false,true,false,true,true,HIGH,false,true,61,HIGH,38,34,73,72,72,70,73,35,68,72
SYN-000451,PRIVATE,true,false,false,false,false,false,false,false,false,false,NEVER,false,false,true,true,false,HIGH,true,false,40,MODERATE,17,37,37,33,42,43,69,43,35,36
SYN-000452,PRIVATE,true,false,false,false,true,false,true,false,true,false,NEVER,true,true,false,true,false,UNKNOWN,true,false,48,HIGH,17,77,35,75,17,20,65,35,38,76
SYN-000453,PRIVATE,true,false,true,true,true,false,false,false,false,true,NEVER,true,false,true,true,false,MEDIUM,true,true,57,HIGH,68,77,77,38,34,0,70,20,77,19
SYN-000454,FRIENDS_ONLY,false,false,false,false,false,false,true,false,false,false,SOMETIMES,true,false,true,true,false,UNKNOWN,false,true,44,HIGH,76,36,75,37,40,0,34,38,38,34
SYN-000455,PRIVATE,false,false,false,false,false,false,false,false,false,true,NEVER,true,false,true,false,false,MEDIUM,false,true,52,HIGH,34,16,73,68,68,75,70,40,38,34
SYN-000456,PRIVATE,false,true,false,false,true,true,false,false,true,false,NEVER,true,false,true,true,false,HIGH,false,true,49,HIGH,17,77,67,35,17,40,71,18,38,68
SYN-000457,PRIVATE,true,true,false,false,false,false,false,true,false,false,RARELY,true,true,true,true,false,HIGH,true,true,43,HIGH,17,70,0,77,82,38,36,83,0,68
SYN-000458,PRIVATE,false,false,false,true,false,false,false,false,false,true,OFTEN,true,true,true,false,false,MEDIUM,true,false,50,HIGH,68,33,78,33,78,35,41,18,43,38
SYN-000459,PRIVATE,false,false,false,true,true,false,false,false,true,false,NEVER,false,true,false,false,false,HIGH,true,true,57,HIGH,74,36,73,37,76,40,74,38,33,68
SYN-000460,PRIVATE,true,true,true,false,false,false,false,true,true,true,NEVER,false,true,false,false,false,HIGH,false,true,51,HIGH,68,74,42,80,38,70,36,43,18,34
SYN-000461,PRIVATE,false,false,false,false,true,false,true,false,false,false,NEVER,false,true,false,true,false,MEDIUM,true,true,47,HIGH,76,71,20,37,19,35,70,75,38,0
SYN-000462,FRIENDS_ONLY,false,true,true,true,false,false,false,false,false,false,NEVER,true,false,true,false,false,MEDIUM,false,true,58,HIGH,38,76,73,40,17,35,70,80,77,38
SYN-000463,PRIVATE,false,false,false,false,false,true,false,false,false,false,SOMETIMES,false,false,false,true,false,HIGH,true,false,43,HIGH,38,36,73,0,34,35,69,80,20,36
SYN-000464,PRIVATE,false,true,false,true,false,false,false,false,false,true,NEVER,false,true,true,true,true,MEDIUM,true,false,48,HIGH,34,67,80,0,19,43,75,40,38,36
SYN-000465,PRIVATE,true,true,true,true,false,false,true,false,true,true,NOT_SURE,false,false,true,true,true,MEDIUM,false,true,62,HIGH,68,80,73,72,17,80,73,43,38,40
SYN-000466,PRIVATE,false,true,false,false,true,true,false,false,true,false,OFTEN,true,true,true,true,false,HIGH,true,false,55,HIGH,38,73,77,68,80,0,33,0,72,34
SYN-000467,FRIENDS_ONLY,false,false,false,false,false,false,false,true,false,false,SOMETIMES,false,true,true,true,false,HIGH,true,false,41,HIGH,36,33,33,75,48,75,19,18,37,70
SYN-000468,PRIVATE,true,false,true,false,false,false,false,false,false,true,RARELY,false,false,true,true,false,HIGH,true,true,54,HIGH,76,77,37,73,17,35,36,75,75,42
SYN-000469,FRIENDS_ONLY,false,false,true,false,true,false,true,false,false,true,NEVER,false,true,true,false,false,LOW,true,true,60,HIGH,38,73,72,68,36,45,70,38,77,34
SYN-000470,PRIVATE,false,true,false,false,true,false,false,false,false,false,NEVER,true,true,true,true,false,HIGH,true,true,36,MODERATE,0,36,40,35,68,18,33,35,35,70
SYN-000471,PRIVATE,false,false,false,true,false,false,false,true,false,true,NEVER,false,true,false,false,false,MEDIUM,true,true,43,HIGH,34,0,78,72,0,38,70,73,33,17
SYN-000472,PRIVATE,false,true,false,false,true,true,true,false,false,false,SOMETIMES,false,false,false,true,false,HIGH,true,false,52,HIGH,34,79,75,0,40,35,70,35,38,72
SYN-000473,PRIVATE,true,false,false,true,false,false,true,true,false,false,NEVER,true,false,true,true,true,HIGH,false,false,54,HIGH,36,73,68,77,36,0,34,70,70,42
SYN-000474,PUBLIC,false,false,false,false,false,false,false,false,false,false,NEVER,false,false,true,false,true,HIGH,true,false,50,HIGH,70,0,67,20,36,40,80,38,75,84
SYN-000475,PRIVATE,false,true,false,false,false,true,false,false,true,false,OFTEN,false,false,false,false,false,HIGH,true,false,58,HIGH,0,37,75,68,88,75,70,75,70,17
SYN-000476,PUBLIC,false,false,true,true,false,false,false,true,true,true,RARELY,true,true,true,true,false,UNKNOWN,false,true,47,HIGH,72,34,80,37,70,0,35,0,35,74
SYN-000477,FRIENDS_ONLY,false,true,false,false,false,false,false,false,false,false,NEVER,false,true,true,true,false,HIGH,true,true,49,HIGH,38,36,72,75,0,20,66,0,72,68
SYN-000478,FRIENDS_ONLY,false,false,false,false,true,false,false,true,false,false,SOMETIMES,false,true,true,false,false,HIGH,true,true,45,HIGH,74,34,18,75,80,40,34,35,33,34
SYN-000479,NOT_SURE,true,true,false,false,true,false,true,false,false,false,OFTEN,false,true,true,true,false,UNKNOWN,false,true,55,HIGH,70,80,33,17,80,80,68,35,40,34
SYN-000480,NOT_SURE,false,false,false,false,true,true,true,false,true,false,NEVER,true,true,true,true,false,HIGH,true,true,50,HIGH,78,41,72,18,17,38,69,0,77,36
SYN-000481,PRIVATE,true,false,false,false,false,true,true,true,true,false,NOT_SURE,false,true,true,true,false,HIGH,true,true,49,HIGH,76,71,78,35,36,18,35,35,17,38
SYN-000482,PRIVATE,false,false,false,false,false,true,true,false,false,false,NEVER,false,false,false,true,true,HIGH,true,false,62,HIGH,0,73,68,68,42,73,74,85,73,70
SYN-000483,PRIVATE,true,true,false,false,false,false,false,true,false,true,NEVER,false,false,false,false,true,MEDIUM,true,true,62,HIGH,0,73,67,80,76,80,80,18,73,17
SYN-000484,PRIVATE,false,true,false,false,true,false,true,false,true,false,NEVER,false,false,true,true,false,HIGH,false,true,47,HIGH,70,74,40,33,34,38,36,73,33,34
SYN-000485,PUBLIC,false,false,false,false,true,false,false,false,true,false,RARELY,false,true,true,false,false,HIGH,true,false,55,HIGH,68,70,77,35,42,38,70,18,18,74
SYN-000486,PRIVATE,false,false,false,false,false,false,false,false,true,false,SOMETIMES,true,true,true,true,false,HIGH,true,true,44,HIGH,17,16,78,73,36,0,66,38,18,72
SYN-000487,FRIENDS_ONLY,true,true,true,true,false,false,true,true,false,true,OFTEN,true,false,false,false,false,HIGH,true,false,60,HIGH,40,80,37,38,70,35,76,75,70,76
SYN-000488,PRIVATE,false,false,false,true,true,true,false,true,false,true,SOMETIMES,true,true,true,true,true,UNKNOWN,true,true,47,HIGH,42,71,83,37,34,38,36,18,38,17
SYN-000489,PRIVATE,false,false,false,false,false,false,true,true,false,false,NEVER,true,false,true,false,false,HIGH,true,false,50,HIGH,38,70,33,33,76,35,69,38,37,42
SYN-000490,PRIVATE,false,false,false,true,false,false,false,true,false,false,NEVER,true,true,true,true,false,HIGH,true,false,41,HIGH,68,33,35,73,17,20,34,35,35,72
SYN-000491,PRIVATE,true,false,false,false,false,false,true,false,true,false,SOMETIMES,false,false,true,true,false,HIGH,true,true,53,HIGH,70,73,70,33,36,80,34,35,67,0
SYN-000492,PRIVATE,false,false,true,false,false,true,false,true,false,false,NEVER,false,false,true,true,false,HIGH,false,false,59,HIGH,36,73,73,72,68,88,70,45,0,42
SYN-000493,PRIVATE,false,false,true,false,false,false,true,false,false,false,SOMETIMES,true,false,false,true,false,HIGH,false,false,63,HIGH,68,69,75,68,36,0,68,38,77,80
SYN-000494,PRIVATE,false,false,false,false,false,false,false,false,false,false,NEVER,true,true,false,false,false,UNKNOWN,true,true,28,MODERATE,68,0,0,67,17,18,40,80,18,0
SYN-000495,FRIENDS_ONLY,true,false,false,false,false,true,true,false,false,true,NEVER,false,true,false,true,false,MEDIUM,false,true,52,HIGH,38,76,72,33,70,80,35,0,33,72
SYN-000496,PRIVATE,false,false,false,true,true,false,false,false,false,true,SOMETIMES,true,true,false,true,true,MEDIUM,false,false,58,HIGH,40,74,37,68,84,35,38,75,77,72
SYN-000497,PRIVATE,false,false,true,false,true,false,false,false,true,true,NEVER,true,false,true,true,false,HIGH,false,true,54,HIGH,40,69,72,72,68,70,18,23,35,72
SYN-000498,PRIVATE,false,false,false,false,false,false,false,true,false,false,NEVER,true,true,false,true,false,LOW,true,false,40,MODERATE,34,16,0,77,17,38,71,0,82,76
SYN-000499,PRIVATE,false,false,false,true,false,true,false,false,false,false,RARELY,true,true,false,false,false,HIGH,true,false,52,HIGH,68,71,42,35,40,0,73,18,67,40
SYN-000500,PRIVATE,true,false,true,false,false,true,false,true,false,false,NEVER,false,true,true,true,false,MEDIUM,true,true,44,HIGH,21,74,33,72,72,38,34,0,40,0
SYN-000501,PRIVATE,false,false,true,false,false,false,false,false,true,true,RARELY,false,false,true,true,false,MEDIUM,false,true,49,HIGH,38,34,77,35,19,70,33,75,73,76
SYN-000502,PRIVATE,true,false,false,true,true,false,false,false,false,false,OFTEN,true,true,false,true,false,HIGH,true,false,50,HIGH,34,76,38,38,74,73,65,35,17,34
SYN-000503,PRIVATE,false,false,false,true,false,false,false,false,true,false,RARELY,true,false,true,true,false,HIGH,true,true,48,HIGH,36,67,77,33,36,70,0,78,70,34
SYN-000504,PRIVATE,false,true,false,true,false,false,true,false,false,false,NEVER,true,false,true,false,false,MEDIUM,false,true,36,MODERATE,34,36,37,0,17,35,35,45,73,72
SYN-000505,PRIVATE,false,false,true,false,false,true,true,false,false,true,NEVER,true,true,true,false,true,HIGH,false,false,38,MODERATE,0,40,38,40,0,38,69,18,68,42
SYN-000506,NOT_SURE,true,false,false,true,false,true,true,false,true,false,NEVER,false,false,true,true,false,HIGH,false,false,53,HIGH,70,39,73,33,72,20,34,20,75,76
SYN-000507,PUBLIC,false,true,false,true,false,false,false,false,false,false,NEVER,true,true,true,true,false,MEDIUM,true,true,53,HIGH,82,69,33,37,72,0,69,0,75,17
SYN-000508,PRIVATE,false,true,false,false,false,false,false,false,true,false,NEVER,true,false,false,false,false,HIGH,true,false,46,HIGH,84,70,33,35,17,75,43,20,35,36
SYN-000509,FRIENDS_ONLY,false,false,false,true,false,false,false,false,true,true,RARELY,true,true,true,true,true,MEDIUM,true,false,52,HIGH,84,16,77,35,21,35,70,0,77,82
SYN-000510,FRIENDS_ONLY,false,false,true,false,false,false,true,false,true,true,SOMETIMES,false,true,true,false,false,HIGH,true,false,54,HIGH,42,36,80,72,38,70,73,75,0,70
SYN-000511,PRIVATE,false,false,false,false,false,false,false,false,true,false,SOMETIMES,true,false,false,false,true,LOW,true,true,50,HIGH,68,0,73,35,34,38,81,35,80,34
SYN-000512,PRIVATE,false,true,false,false,false,false,false,false,true,false,NEVER,false,false,true,true,false,HIGH,true,false,39,MODERATE,17,69,72,0,21,35,34,43,35,36
SYN-000513,PRIVATE,false,false,false,true,true,false,false,false,false,true,OFTEN,true,true,false,false,false,HIGH,false,false,55,HIGH,38,36,37,77,74,73,39,70,77,82
SYN-000514,NOT_SURE,true,true,true,false,true,false,false,false,false,false,NOT_SURE,true,false,false,false,false,HIGH,true,true,48,HIGH,46,77,0,73,44,0,69,38,38,72
SYN-000515,FRIENDS_ONLY,false,false,false,false,true,false,true,false,true,false,NEVER,true,true,false,false,true,MEDIUM,true,false,46,HIGH,42,36,33,35,17,75,81,40,42,76
SYN-000516,PRIVATE,true,false,true,false,false,false,true,true,false,false,NEVER,true,true,true,true,false,MEDIUM,false,false,52,HIGH,74,71,37,40,42,75,35,35,70,40
SYN-000517,PUBLIC,true,true,false,true,false,true,true,false,true,false,OFTEN,true,false,true,true,false,HIGH,true,true,65,HIGH,70,84,70,72,76,0,74,75,35,34
SYN-000518,PRIVATE,false,true,true,false,false,false,false,false,false,false,RARELY,false,false,true,false,false,HIGH,true,false,42,HIGH,42,37,17,68,74,78,38,70,0,38
SYN-000519,PUBLIC,false,false,false,false,false,false,false,true,false,false,NEVER,false,true,false,true,false,MEDIUM,false,false,52,HIGH,70,66,37,77,38,43,18,80,75,42
SYN-000520,PRIVATE,false,true,false,false,false,false,false,false,true,true,SOMETIMES,true,true,true,false,true,HIGH,true,false,57,HIGH,68,67,40,38,76,18,73,0,68,74
SYN-000521,PUBLIC,false,false,true,false,false,false,true,false,false,true,SOMETIMES,true,true,true,false,true,HIGH,true,true,55,HIGH,76,70,75,17,42,78,40,35,67,19
SYN-000522,PUBLIC,false,false,false,false,false,false,false,true,false,true,NEVER,false,true,true,true,true,LOW,false,false,54,HIGH,68,18,68,72,68,18,66,0,73,48
SYN-000523,PRIVATE,false,true,false,false,true,true,true,false,true,false,SOMETIMES,true,true,true,true,false,MEDIUM,true,false,61,HIGH,34,79,73,67,80,0,74,75,35,34
SYN-000524,PRIVATE,false,false,true,false,true,true,true,false,false,true,NEVER,true,false,true,true,true,HIGH,true,true,57,HIGH,72,79,75,17,68,0,66,20,35,72
SYN-000525,PRIVATE,true,false,true,false,true,false,true,false,false,false,NEVER,false,true,true,false,true,LOW,false,false,56,HIGH,36,74,33,40,36,75,81,75,72,40
SYN-000526,FRIENDS_ONLY,true,false,false,true,false,false,true,true,true,false,OFTEN,true,true,true,true,false,HIGH,true,true,59,HIGH,72,39,72,38,78,18,70,73,68,38
SYN-000527,FRIENDS_ONLY,false,true,true,false,false,false,true,true,false,false,NEVER,false,true,true,true,false,LOW,false,false,49,HIGH,40,74,33,35,68,38,34,0,78,80
SYN-000528,NOT_SURE,true,true,false,true,false,false,false,false,false,false,RARELY,false,true,false,true,false,HIGH,false,true,54,HIGH,70,69,75,77,40,38,18,0,75,40
SYN-000529,PRIVATE,true,false,false,false,true,false,false,true,false,false,SOMETIMES,false,false,true,true,false,MEDIUM,true,true,40,MODERATE,0,37,18,75,38,70,66,20,38,36
SYN-000530,NOT_SURE,true,false,false,false,false,false,true,true,true,true,NEVER,false,true,true,false,true,HIGH,false,true,63,HIGH,36,74,85,80,76,18,71,0,67,34
SYN-000531,PRIVATE,true,false,false,false,false,false,false,false,true,false,NEVER,true,true,true,false,false,HIGH,true,false,37,MODERATE,0,33,33,38,34,40,38,20,75,72
SYN-000532,PRIVATE,false,false,false,true,false,false,true,true,true,false,NEVER,true,false,false,false,true,HIGH,true,false,48,HIGH,19,67,43,77,78,35,41,40,35,19
SYN-000533,PRIVATE,false,false,true,false,false,false,false,true,true,true,SOMETIMES,true,false,true,false,false,UNKNOWN,true,false,55,HIGH,34,69,78,75,34,35,73,35,20,46
SYN-000534,PRIVATE,false,true,true,false,true,true,false,false,false,false,NEVER,true,false,true,true,true,MEDIUM,true,true,47,HIGH,36,80,33,35,0,75,73,80,37,19
SYN-000535,PRIVATE,false,false,true,false,true,false,false,false,false,false,NEVER,true,true,false,false,true,HIGH,true,true,46,HIGH,21,71,0,42,70,73,85,35,33,19
SYN-000536,FRIENDS_ONLY,true,true,true,true,true,false,false,true,false,false,NEVER,true,true,true,false,false,HIGH,false,true,55,HIGH,38,76,83,37,34,80,69,35,0,78
SYN-000537,FRIENDS_ONLY,false,true,true,false,false,false,false,false,false,false,SOMETIMES,false,true,true,true,true,HIGH,false,false,50,HIGH,40,71,17,70,38,40,69,35,35,84
SYN-000538,PRIVATE,false,false,false,false,false,false,false,false,true,false,NEVER,false,true,true,false,false,UNKNOWN,false,true,54,HIGH,0,71,73,67,17,80,74,70,20,76
SYN-000539,FRIENDS_ONLY,true,false,true,true,true,false,true,false,true,false,NOT_SURE,true,true,true,true,false,LOW,true,true,50,HIGH,36,79,73,33,19,0,68,0,83,0
SYN-000540,FRIENDS_ONLY,false,true,false,true,false,false,false,false,false,false,SOMETIMES,true,false,true,true,false,HIGH,true,false,47,HIGH,38,71,35,17,38,18,65,70,38,76
SYN-000541,FRIENDS_ONLY,false,true,true,true,false,true,false,true,false,false,NOT_SURE,true,true,true,false,false,HIGH,true,false,48,HIGH,42,73,77,37,17,38,36,35,38,70
SYN-000542,FRIENDS_ONLY,false,true,false,true,false,false,false,false,false,false,NEVER,true,false,true,true,false,HIGH,false,false,44,HIGH,34,34,73,73,38,70,0,35,75,21
SYN-000543,PUBLIC,false,false,false,false,false,true,false,false,false,true,SOMETIMES,false,true,true,false,false,HIGH,true,true,53,HIGH,74,37,72,35,80,73,34,0,68,38
SYN-000544,PRIVATE,false,false,false,false,true,false,false,true,false,false,NEVER,true,true,true,true,true,HIGH,true,false,40,MODERATE,34,36,0,73,0,78,71,35,37,80
SYN-000545,PRIVATE,false,false,false,false,false,true,false,false,false,true,SOMETIMES,false,false,false,true,true,MEDIUM,true,false,38,MODERATE,34,34,40,33,38,73,40,20,42,34
SYN-000546,PRIVATE,true,false,false,true,false,true,false,true,true,true,NEVER,false,false,true,true,true,HIGH,true,true,51,HIGH,68,71,45,72,0,43,71,75,35,0
SYN-000547,PRIVATE,false,false,false,false,true,false,true,false,true,false,RARELY,true,false,false,false,false,UNKNOWN,true,true,49,HIGH,34,70,75,17,40,18,38,70,68,34
SYN-000548,PRIVATE,false,false,false,false,false,true,true,false,false,false,SOMETIMES,false,false,false,true,true,MEDIUM,false,false,63,HIGH,70,73,68,33,76,75,68,35,33,94
SYN-000549,PRIVATE,false,false,false,false,false,false,false,false,false,false,SOMETIMES,true,true,true,false,true,HIGH,false,false,39,MODERATE,0,69,0,37,34,35,69,35,35,80
SYN-000550,PRIVATE,false,false,false,false,true,true,false,false,false,true,NEVER,true,true,false,false,false,UNKNOWN,true,true,52,HIGH,0,71,72,35,70,18,78,0,75,0
SYN-000551,PRIVATE,true,false,true,false,false,false,false,false,false,false,SOMETIMES,false,false,false,true,false,HIGH,true,true,52,HIGH,38,76,33,68,38,38,69,73,33,34
SYN-000552,PRIVATE,false,false,false,false,true,true,false,false,true,false,NEVER,false,true,false,true,false,HIGH,true,false,48,HIGH,76,71,35,35,72,35,70,0,0,34
SYN-000553,FRIENDS_ONLY,false,false,true,false,true,false,true,true,false,true,NEVER,false,true,true,true,false,MEDIUM,true,true,56,HIGH,38,74,68,77,34,18,74,0,82,0
SYN-000554,PRIVATE,false,true,false,false,false,false,false,false,false,true,NEVER,true,true,true,true,false,HIGH,false,true,28,MODERATE,34,33,37,33,0,75,0,35,35,34
SYN-000555,PRIVATE,true,false,false,false,false,false,false,false,false,false,SOMETIMES,true,false,true,true,false,HIGH,true,true,43,HIGH,36,34,70,38,42,38,40,80,37,0
SYN-000556,NOT_SURE,false,false,false,true,false,false,false,false,false,false,NOT_SURE,true,false,true,false,true,MEDIUM,false,false,47,HIGH,38,18,37,67,72,18,73,35,35,76
SYN-000557,FRIENDS_ONLY,true,false,true,false,true,false,false,false,false,true,RARELY,false,true,true,false,true,HIGH,true,true,48,HIGH,72,39,67,0,40,78,73,35,37,17
SYN-000558,FRIENDS_ONLY,false,false,false,false,false,true,false,true,true,false,RARELY,true,true,true,false,false,MEDIUM,true,true,57,HIGH,76,70,37,73,78,73,38,20,40,72
SYN-000559,PRIVATE,false,false,false,true,false,false,false,true,false,false,NEVER,true,false,true,false,false,LOW,true,false,49,HIGH,0,16,35,73,78,75,69,38,80,36
SYN-000560,FRIENDS_ONLY,false,true,false,false,false,true,true,false,true,false,NOT_SURE,true,true,false,false,false,LOW,false,true,51,HIGH,82,40,70,38,19,35,38,35,73,74
SYN-000561,PRIVATE,true,false,false,false,false,false,true,false,false,false,NOT_SURE,false,false,true,true,false,HIGH,false,true,44,HIGH,34,39,18,70,44,18,65,38,38,76
SYN-000562,PRIVATE,false,false,true,true,false,false,false,false,true,false,NEVER,false,true,true,false,false,HIGH,true,false,52,HIGH,68,37,73,70,17,35,35,70,73,36
SYN-000563,NOT_SURE,false,true,true,false,false,false,false,false,true,false,NEVER,false,false,true,false,true,HIGH,true,false,59,HIGH,36,76,72,67,36,40,75,40,38,72
SYN-000564,FRIENDS_ONLY,false,true,true,false,false,false,false,false,false,false,OFTEN,true,true,true,false,true,HIGH,true,true,44,HIGH,80,36,18,38,80,70,35,0,38,68
SYN-000565,PRIVATE,false,false,false,false,false,false,false,true,true,false,NEVER,false,false,true,true,true,HIGH,true,true,45,HIGH,72,18,37,68,36,45,33,80,68,19
SYN-000566,FRIENDS_ONLY,true,false,false,false,false,false,true,true,false,false,NEVER,false,true,false,false,false,HIGH,true,false,55,HIGH,76,76,67,70,36,38,38,70,33,17
SYN-000567,NOT_SURE,true,false,true,false,false,true,false,false,false,true,NEVER,true,true,true,true,false,HIGH,true,true,47,HIGH,38,73,68,68,17,35,33,70,18,34
SYN-000568,PRIVATE,false,false,true,false,false,false,false,false,true,true,NEVER,true,false,true,true,false,MEDIUM,true,true,47,HIGH,0,37,75,70,38,38,38,73,72,19
SYN-000569,PUBLIC,false,false,true,true,false,false,false,false,true,false,OFTEN,true,true,true,false,false,HIGH,true,true,56,HIGH,74,66,37,73,76,70,73,0,17,34
SYN-000570,PRIVATE,false,false,false,true,true,true,false,false,false,false,NOT_SURE,true,true,false,false,false,HIGH,false,false,53,HIGH,36,70,72,33,38,0,68,0,73,70
SYN-000571,PRIVATE,false,true,false,false,true,false,false,false,false,false,RARELY,true,true,true,true,true,HIGH,true,true,49,HIGH,36,74,68,33,70,35,35,40,37,17
SYN-000572,PRIVATE,false,false,false,true,false,false,false,false,false,false,NEVER,true,false,true,true,true,MEDIUM,true,true,63,HIGH,38,67,75,80,74,38,65,40,77,19
SYN-000573,FRIENDS_ONLY,false,true,false,true,false,false,false,false,true,true,NEVER,true,false,true,false,false,LOW,true,true,56,HIGH,40,36,77,72,34,20,71,80,77,17
SYN-000574,NOT_SURE,true,false,false,false,false,false,true,false,false,false,SOMETIMES,false,true,false,false,false,LOW,false,true,56,HIGH,38,41,40,35,84,75,69,40,78,76
SYN-000575,FRIENDS_ONLY,false,false,false,false,false,true,false,false,false,false,NEVER,true,false,true,false,false,UNKNOWN,false,false,35,MODERATE,76,36,17,0,34,18,34,35,42,82
SYN-000576,FRIENDS_ONLY,false,false,true,false,false,false,true,false,false,true,SOMETIMES,true,true,false,false,true,HIGH,true,false,64,HIGH,80,36,72,73,36,75,69,85,67,76
SYN-000577,PRIVATE,true,false,false,false,false,false,false,false,true,false,SOMETIMES,false,true,false,false,true,LOW,true,false,51,HIGH,19,34,72,0,72,70,74,18,70,74
SYN-000578,FRIENDS_ONLY,false,false,false,false,false,false,false,false,false,false,NEVER,false,true,false,false,false,UNKNOWN,true,true,36,MODERATE,44,16,0,73,17,75,38,0,72,68
SYN-000579,PRIVATE,false,false,false,false,true,false,false,true,true,false,NEVER,true,true,true,true,false,UNKNOWN,true,true,46,HIGH,68,37,70,42,42,35,65,35,17,0
SYN-000580,FRIENDS_ONLY,true,false,false,false,false,false,false,false,false,false,NEVER,true,true,false,false,false,MEDIUM,true,true,34,MODERATE,34,33,70,0,0,0,40,0,72,34
SYN-000581,NOT_SURE,false,false,false,false,true,false,false,false,false,false,NEVER,false,true,true,true,false,HIGH,true,true,36,MODERATE,46,37,17,35,72,40,33,18,37,17
SYN-000582,PRIVATE,true,false,false,false,false,true,false,false,true,false,NOT_SURE,true,true,false,false,false,MEDIUM,true,false,49,HIGH,40,70,70,33,36,35,36,18,73,38
SYN-000583,PRIVATE,false,true,false,true,false,false,true,true,false,false,SOMETIMES,true,true,true,true,true,HIGH,false,true,46,HIGH,76,73,35,38,72,18,35,0,33,34
SYN-000584,PUBLIC,false,false,false,false,false,false,false,false,false,false,RARELY,true,true,true,true,true,HIGH,false,true,38,MODERATE,82,18,0,70,17,20,34,35,72,74
SYN-000585,PRIVATE,false,false,false,false,false,false,false,false,false,true,NOT_SURE,false,true,true,false,false,HIGH,true,false,44,HIGH,40,16,72,17,42,18,71,20,68,38
SYN-000586,PRIVATE,false,true,false,false,false,true,true,false,true,false,NEVER,true,false,true,true,false,MEDIUM,true,true,41,HIGH,0,39,35,70,0,0,75,75,40,68
SYN-000587,PRIVATE,false,false,false,true,false,true,true,false,false,false,SOMETIMES,true,false,true,true,false,MEDIUM,true,true,52,HIGH,72,74,33,72,42,70,33,80,42,17
SYN-000588,PRIVATE,false,true,false,false,false,true,true,false,true,true,RARELY,false,false,false,true,true,HIGH,true,false,54,HIGH,36,74,75,37,40,35,39,38,70,68
SYN-000589,PRIVATE,true,false,false,false,false,false,false,false,false,true,NEVER,false,true,true,false,true,HIGH,false,true,43,HIGH,38,74,38,37,0,45,38,75,37,74
SYN-000590,PRIVATE,false,false,false,false,true,false,false,true,true,false,RARELY,true,true,true,true,true,HIGH,false,true,50,HIGH,36,33,70,38,74,35,34,80,68,40
SYN-000591,FRIENDS_ONLY,true,false,false,false,false,false,true,false,false,false,NEVER,true,true,false,false,true,HIGH,false,true,50,HIGH,34,74,67,67,19,0,43,38,68,34
SYN-000592,NOT_SURE,true,false,true,false,true,true,true,false,false,true,NOT_SURE,false,false,true,false,false,HIGH,true,false,58,HIGH,74,80,72,70,42,20,36,85,37,40
SYN-000593,FRIENDS_ONLY,true,false,false,true,false,false,true,false,false,true,NEVER,true,true,false,true,true,HIGH,true,true,49,HIGH,40,69,72,72,0,35,38,35,35,76
SYN-000594,PRIVATE,true,true,false,true,false,false,false,false,false,false,NEVER,true,true,true,true,false,HIGH,true,true,45,HIGH,72,39,73,35,34,0,65,0,33,17
SYN-000595,PRIVATE,false,false,false,true,true,false,false,false,true,true,NEVER,true,false,false,false,false,HIGH,true,false,53,HIGH,19,67,77,20,38,38,71,38,72,34
SYN-000596,FRIENDS_ONLY,false,true,true,true,false,true,false,false,false,false,NEVER,false,true,false,false,false,HIGH,true,true,51,HIGH,36,79,37,35,46,18,71,70,35,68
SYN-000597,PRIVATE,false,false,false,false,false,true,false,false,false,false,NOT_SURE,true,true,false,true,false,HIGH,true,true,44,HIGH,0,70,33,72,36,40,71,0,18,72
SYN-000598,PRIVATE,true,false,false,false,true,false,false,false,true,false,NEVER,true,true,true,false,true,HIGH,true,false,60,HIGH,36,39,70,75,70,75,73,35,75,38
SYN-000599,PUBLIC,false,false,true,true,true,true,true,false,false,true,RARELY,false,true,true,false,false,LOW,true,true,58,HIGH,70,87,80,33,70,18,34,0,77,36
SYN-000600,PRIVATE,true,true,false,false,false,false,false,false,false,false,NEVER,false,false,true,true,false,LOW,true,false,64,HIGH,34,70,68,70,68,75,73,18,73,68
SYN-000601,FRIENDS_ONLY,false,false,true,true,true,false,true,true,false,true,NEVER,false,true,true,false,false,HIGH,false,false,65,HIGH,72,41,75,73,72,35,65,70,67,84
SYN-000602,NOT_SURE,false,true,false,true,true,false,false,false,false,false,NEVER,false,true,true,true,false,HIGH,false,true,58,HIGH,40,69,70,72,80,75,34,18,68,34
SYN-000603,PRIVATE,true,true,false,false,false,false,false,false,false,false,NEVER,false,true,false,true,true,HIGH,false,true,48,HIGH,38,70,35,70,0,73,70,40,37,36
SYN-000604,PUBLIC,false,false,false,false,true,false,false,true,false,false,NEVER,false,false,true,true,false,MEDIUM,false,true,43,HIGH,68,33,67,38,0,35,16,73,77,38
SYN-000605,FRIENDS_ONLY,true,true,false,false,true,false,false,false,false,true,NEVER,true,true,false,true,false,HIGH,true,false,61,HIGH,84,73,75,72,17,75,68,18,33,70
SYN-000606,FRIENDS_ONLY,false,false,false,true,false,false,false,false,true,false,NEVER,false,false,false,false,false,HIGH,true,true,50,HIGH,76,34,37,73,34,70,80,40,38,0
SYN-000607,PRIVATE,false,false,false,true,true,true,false,false,false,true,SOMETIMES,false,false,true,true,true,HIGH,true,true,57,HIGH,70,40,77,75,36,40,69,75,35,34
SYN-000608,FRIENDS_ONLY,false,true,false,false,false,true,false,false,true,false,NEVER,true,true,false,false,true,MEDIUM,false,true,51,HIGH,38,73,37,70,34,75,79,0,40,19
SYN-000609,PRIVATE,false,true,false,false,false,false,false,false,true,false,RARELY,true,false,false,false,false,HIGH,true,false,62,HIGH,17,67,73,83,82,0,70,40,68,68
SYN-000610,PRIVATE,false,false,true,false,true,false,false,true,false,true,NEVER,true,true,false,false,true,HIGH,false,false,59,HIGH,19,37,72,68,72,85,70,70,42,88
SYN-000611,PRIVATE,false,true,false,false,false,false,false,true,false,true,NEVER,true,true,true,true,false,HIGH,true,false,49,HIGH,76,36,73,42,72,35,35,35,33,38
SYN-000612,FRIENDS_ONLY,false,false,false,false,true,false,true,true,false,false,NEVER,true,false,false,true,false,LOW,false,false,44,HIGH,38,71,37,37,17,0,36,75,78,42
SYN-000613,PRIVATE,true,true,true,false,false,false,false,false,false,false,RARELY,false,true,true,true,false,HIGH,true,true,39,MODERATE,36,71,70,17,36,40,33,0,17,0
SYN-000614,FRIENDS_ONLY,false,false,false,true,false,false,false,false,false,false,SOMETIMES,false,true,true,true,true,HIGH,true,true,41,HIGH,38,19,70,18,42,35,73,35,17,36
SYN-000615,NOT_SURE,false,true,false,true,false,false,false,false,false,false,NEVER,true,true,false,false,false,HIGH,true,true,40,MODERATE,70,33,72,33,17,0,39,35,38,19
SYN-000616,PRIVATE,false,true,false,false,true,false,true,false,true,true,SOMETIMES,false,false,false,false,false,HIGH,false,true,60,HIGH,70,40,42,75,80,35,73,40,70,76
SYN-000617,PRIVATE,false,false,false,false,false,false,false,false,true,false,SOMETIMES,false,true,true,true,false,HIGH,false,true,51,HIGH,38,33,75,77,38,45,35,73,68,38
SYN-000618,PRIVATE,false,true,false,false,true,true,true,false,false,false,NEVER,true,false,true,false,false,HIGH,false,true,52,HIGH,34,74,40,70,17,35,69,40,73,36
SYN-000619,PRIVATE,false,true,false,false,false,false,false,false,true,false,NEVER,true,true,true,false,true,UNKNOWN,true,false,63,HIGH,76,66,82,73,38,35,73,18,72,34
SYN-000620,PRIVATE,false,true,false,false,true,true,true,false,false,false,NOT_SURE,false,true,true,false,false,UNKNOWN,true,true,47,HIGH,17,74,0,68,38,38,71,35,77,34
SYN-000621,PRIVATE,false,true,false,false,false,false,false,false,false,true,NEVER,false,false,true,false,false,MEDIUM,false,true,32,MODERATE,17,34,38,37,0,18,38,78,37,38
SYN-000622,FRIENDS_ONLY,false,true,true,false,false,false,false,false,false,true,OFTEN,false,true,true,false,true,HIGH,true,true,59,HIGH,38,74,72,68,80,38,71,35,20,34
SYN-000623,PUBLIC,false,false,false,false,false,false,false,true,true,false,NEVER,true,false,true,false,false,HIGH,true,false,49,HIGH,80,36,38,33,72,75,75,38,17,17
SYN-000624,NOT_SURE,true,false,false,false,true,true,true,false,false,false,NEVER,true,true,false,true,false,HIGH,true,false,55,HIGH,40,80,73,33,68,40,18,78,70,40
SYN-000625,PRIVATE,true,true,true,true,false,false,false,true,false,false,NEVER,true,true,true,true,true,MEDIUM,true,true,46,HIGH,36,71,37,73,34,35,40,75,40,0
SYN-000626,NOT_SURE,false,false,true,false,true,false,false,false,false,false,NEVER,true,false,true,true,false,MEDIUM,true,true,53,HIGH,36,73,70,18,68,35,36,75,47,72
SYN-000627,PRIVATE,false,false,false,true,false,false,false,false,false,true,SOMETIMES,true,true,false,true,false,HIGH,false,true,36,MODERATE,19,0,78,70,34,35,35,35,17,36
SYN-000628,PRIVATE,false,false,true,false,false,true,true,false,false,false,SOMETIMES,true,true,false,true,false,HIGH,false,true,58,HIGH,82,74,18,68,76,0,70,40,78,19
SYN-000629,PRIVATE,false,true,false,false,true,true,false,false,true,true,NOT_SURE,true,true,true,true,true,HIGH,false,true,46,HIGH,72,79,37,33,48,0,36,43,42,34
SYN-000630,PRIVATE,true,false,false,false,true,false,false,false,true,false,NEVER,true,false,true,true,false,HIGH,true,true,46,HIGH,0,69,70,77,0,38,34,78,33,74
SYN-000631,PRIVATE,false,false,false,false,true,false,true,false,true,false,NOT_SURE,false,false,true,false,true,UNKNOWN,true,false,56,HIGH,74,74,75,33,17,35,74,40,17,84
SYN-000632,PRIVATE,true,false,true,false,true,false,false,false,true,true,NEVER,false,false,true,true,true,LOW,true,false,55,HIGH,34,76,73,35,0,73,73,18,67,72
SYN-000633,PRIVATE,true,false,false,false,true,false,false,false,false,false,NOT_SURE,true,false,true,true,false,LOW,false,true,41,HIGH,72,40,17,75,38,0,16,45,75,42
SYN-000634,PRIVATE,false,false,false,false,false,false,false,true,false,false,OFTEN,true,false,false,false,true,MEDIUM,false,false,47,HIGH,72,19,40,40,72,0,70,40,33,76
SYN-000635,PRIVATE,true,false,false,false,true,false,false,true,false,false,NEVER,false,true,false,true,false,HIGH,false,true,41,HIGH,68,39,37,33,38,18,36,35,42,70
SYN-000636,FRIENDS_ONLY,false,false,true,true,false,false,true,false,false,false,RARELY,true,false,false,true,false,UNKNOWN,true,false,51,HIGH,42,37,75,37,38,73,38,35,80,76
SYN-000637,FRIENDS_ONLY,false,false,false,true,false,false,true,false,true,false,NEVER,false,true,false,true,false,HIGH,true,true,44,HIGH,38,36,73,38,34,35,65,35,18,38
SYN-000638,NOT_SURE,false,true,false,false,false,false,false,false,false,true,SOMETIMES,false,true,true,false,true,HIGH,true,true,35,MODERATE,36,36,38,72,34,38,36,35,0,17
SYN-000639,PUBLIC,true,false,false,false,false,false,false,true,false,true,OFTEN,true,false,true,false,false,HIGH,true,true,53,HIGH,80,67,33,37,74,35,76,43,33,0
SYN-000640,PUBLIC,false,true,false,false,false,false,true,false,false,false,SOMETIMES,false,true,false,false,false,HIGH,false,true,44,HIGH,74,39,35,42,38,35,75,38,17,17
SYN-000641,PRIVATE,false,false,true,false,false,false,false,false,true,false,NEVER,true,true,false,false,false,HIGH,false,true,64,HIGH,68,69,70,40,76,35,74,18,70,72
SYN-000642,PRIVATE,false,true,false,false,false,false,true,false,false,false,NOT_SURE,false,true,true,true,false,HIGH,true,true,52,HIGH,38,77,37,35,36,18,69,75,77,34
SYN-000643,PRIVATE,true,true,true,false,true,true,true,false,false,false,NEVER,true,true,true,false,false,MEDIUM,true,true,61,HIGH,72,94,75,33,17,18,69,18,72,72
SYN-000644,FRIENDS_ONLY,false,false,true,false,true,true,true,false,false,false,NEVER,false,false,true,true,true,HIGH,false,false,47,HIGH,38,80,0,70,17,18,69,75,38,72
SYN-000645,PRIVATE,false,false,false,false,false,true,false,false,false,false,SOMETIMES,true,true,true,true,false,LOW,true,true,44,HIGH,76,39,37,73,76,38,0,18,72,0
SYN-000646,PRIVATE,false,false,false,true,false,false,false,false,false,false,OFTEN,true,true,true,false,false,MEDIUM,true,false,55,HIGH,72,18,67,70,78,43,71,0,37,70
SYN-000647,PRIVATE,true,true,true,true,false,true,true,true,true,false,RARELY,true,true,false,true,false,MEDIUM,false,false,54,HIGH,19,77,77,35,70,0,70,0,38,90
SYN-000648,NOT_SURE,false,true,false,false,true,true,false,false,false,false,NEVER,false,false,true,true,false,HIGH,true,true,39,MODERATE,36,71,38,72,0,40,0,40,40,68
SYN-000649,PRIVATE,false,false,false,false,false,false,false,false,false,false,NEVER,true,true,true,false,true,HIGH,true,true,39,MODERATE,68,0,35,37,68,18,70,0,38,34
SYN-000650,PUBLIC,false,false,false,false,false,false,false,false,false,false,NEVER,false,false,true,true,false,LOW,true,false,51,HIGH,80,34,37,73,17,40,73,20,70,38
SYN-000651,PUBLIC,false,false,false,true,false,false,false,false,false,false,NEVER,false,true,false,true,false,MEDIUM,true,true,36,MODERATE,72,19,38,33,34,18,41,18,37,38
SYN-000652,NOT_SURE,false,false,false,false,false,false,true,false,false,true,NEVER,true,false,true,true,false,LOW,true,true,41,HIGH,17,67,37,17,17,73,33,35,78,34
SYN-000653,PRIVATE,true,false,false,false,false,false,true,false,false,true,NEVER,false,false,true,true,false,HIGH,true,false,50,HIGH,40,69,68,38,34,75,34,23,42,78
SYN-000654,PRIVATE,false,false,false,true,false,false,true,false,false,true,NEVER,true,true,true,false,true,HIGH,true,true,51,HIGH,36,67,75,68,0,18,75,40,38,34
SYN-000655,FRIENDS_ONLY,true,true,false,false,true,false,false,false,false,false,SOMETIMES,true,true,true,true,true,LOW,true,true,46,HIGH,80,40,70,18,34,73,33,0,73,0
SYN-000656,PRIVATE,true,false,false,true,false,false,false,false,false,false,OFTEN,true,true,false,true,false,HIGH,true,true,44,HIGH,0,34,73,73,68,0,38,43,45,34
SYN-000657,PRIVATE,false,false,false,false,false,false,true,true,true,false,NEVER,true,true,true,true,true,HIGH,true,false,43,HIGH,17,66,35,70,36,40,78,0,0,40
SYN-000658,PRIVATE,false,true,true,false,false,false,false,true,false,true,NEVER,false,true,true,false,true,MEDIUM,true,false,56,HIGH,72,74,72,75,0,18,83,20,35,36
SYN-000659,PRIVATE,false,false,true,false,false,true,false,true,false,false,NEVER,true,false,false,true,false,HIGH,true,true,39,MODERATE,0,71,40,45,74,38,19,18,33,34
SYN-000660,FRIENDS_ONLY,true,false,false,false,false,false,false,true,false,false,NEVER,false,true,false,false,true,HIGH,true,false,55,HIGH,36,66,17,70,36,48,74,80,73,72
SYN-000661,PRIVATE,false,false,true,false,false,false,false,true,true,false,NOT_SURE,true,true,true,true,false,MEDIUM,true,true,41,HIGH,0,36,75,33,19,38,74,20,35,34
SYN-000662,PRIVATE,false,false,true,false,true,true,true,false,false,false,NEVER,true,false,true,false,false,LOW,true,true,50,HIGH,68,76,18,37,34,0,70,45,88,17
SYN-000663,PRIVATE,false,false,true,false,false,false,false,false,true,true,SOMETIMES,false,false,false,true,false,HIGH,true,false,49,HIGH,70,34,72,17,80,40,38,70,33,34
SYN-000664,PRIVATE,false,false,true,false,false,true,false,true,false,false,RARELY,true,true,true,true,false,HIGH,false,true,54,HIGH,36,81,67,38,19,40,40,85,67,70
SYN-000665,PRIVATE,false,false,false,false,true,false,true,false,false,false,NEVER,true,false,true,true,false,MEDIUM,true,false,60,HIGH,40,73,33,82,72,0,65,80,77,70
SYN-000666,PRIVATE,false,false,false,false,false,false,false,true,true,false,NEVER,false,true,false,true,false,HIGH,false,true,52,HIGH,40,16,70,73,72,38,39,78,77,34
SYN-000667,PRIVATE,false,false,false,false,false,false,false,false,false,true,SOMETIMES,true,true,true,true,false,HIGH,false,false,38,MODERATE,17,18,72,37,42,35,36,35,37,38
SYN-000668,PRIVATE,false,false,false,false,false,false,false,false,true,false,SOMETIMES,true,false,true,false,false,HIGH,true,true,43,HIGH,34,0,77,73,34,0,70,35,35,36
SYN-000669,PRIVATE,false,false,false,false,false,false,false,false,false,false,NEVER,true,false,true,true,true,UNKNOWN,true,false,53,HIGH,80,36,72,35,76,38,33,43,72,38
SYN-000670,PRIVATE,false,false,false,false,false,false,false,false,false,false,NEVER,true,true,false,true,false,HIGH,false,false,32,MODERATE,34,0,33,72,17,70,35,0,40,42
SYN-000671,NOT_SURE,false,false,false,false,false,false,false,false,true,true,OFTEN,true,false,false,false,false,HIGH,true,false,65,HIGH,70,33,85,67,84,18,74,40,75,72
SYN-000672,FRIENDS_ONLY,false,false,false,true,false,false,true,false,false,false,NEVER,true,true,false,false,false,HIGH,true,true,56,HIGH,76,69,70,37,34,70,73,43,0,72
SYN-000673,NOT_SURE,true,false,false,false,false,false,false,false,true,false,SOMETIMES,false,true,false,false,false,HIGH,false,false,51,HIGH,19,39,37,33,74,38,74,80,68,72
SYN-000674,PRIVATE,false,false,true,false,false,false,false,false,false,false,NEVER,true,true,true,false,true,HIGH,false,false,45,HIGH,36,39,73,17,0,35,40,75,73,80
SYN-000675,PRIVATE,false,true,false,false,false,true,false,false,false,true,SOMETIMES,true,true,false,true,true,HIGH,false,true,67,HIGH,68,76,77,70,84,18,66,0,70,76
SYN-000676,PRIVATE,false,false,false,false,false,true,false,false,false,true,NEVER,false,true,true,true,false,HIGH,false,false,45,HIGH,34,33,38,38,70,78,34,0,73,78
SYN-000677,PRIVATE,true,false,false,false,true,true,true,false,true,false,NEVER,false,true,false,true,false,HIGH,true,true,46,HIGH,80,74,37,38,0,35,71,38,33,0
SYN-000678,FRIENDS_ONLY,false,true,false,true,false,false,false,false,false,false,SOMETIMES,false,true,true,false,false,MEDIUM,false,false,53,HIGH,38,36,33,75,38,70,71,38,70,80
SYN-000679,PRIVATE,false,false,true,true,false,true,false,false,false,false,NEVER,true,true,true,true,true,HIGH,true,false,48,HIGH,34,76,33,72,68,38,38,20,40,36
SYN-000680,NOT_SURE,false,false,false,false,false,false,false,false,false,false,SOMETIMES,true,false,true,true,false,UNKNOWN,true,true,30,MODERATE,74,33,0,35,72,0,16,20,37,0
SYN-000681,PRIVATE,false,false,true,false,false,false,false,true,false,false,RARELY,false,true,true,true,true,HIGH,true,true,38,MODERATE,36,37,37,40,38,45,33,73,37,17
SYN-000682,NOT_SURE,false,true,false,true,false,false,false,false,false,false,NOT_SURE,true,false,true,false,false,UNKNOWN,true,false,53,HIGH,38,66,35,67,78,70,70,43,18,40
SYN-000683,NOT_SURE,false,false,false,false,false,true,false,false,true,false,NEVER,true,true,false,false,false,HIGH,false,true,45,HIGH,19,34,67,70,17,0,38,70,68,72
SYN-000684,PRIVATE,false,false,false,false,false,false,false,true,false,true,NEVER,true,true,true,false,true,HIGH,true,true,38,MODERATE,68,0,38,70,36,0,74,0,33,17
SYN-000685,PRIVATE,false,false,false,false,false,false,false,true,false,false,NOT_SURE,true,true,true,true,false,LOW,false,true,55,HIGH,68,69,35,47,40,35,66,35,73,68
SYN-000686,FRIENDS_ONLY,false,false,true,false,false,false,false,true,true,false,NEVER,false,true,true,true,false,MEDIUM,true,false,59,HIGH,38,66,75,72,72,83,68,0,37,34
SYN-000687,FRIENDS_ONLY,false,false,true,false,false,false,false,false,false,false,NEVER,false,false,true,false,false,HIGH,true,false,44,HIGH,38,69,38,17,17,80,68,75,18,19
SYN-000688,FRIENDS_ONLY,false,false,false,true,false,true,false,true,false,false,NOT_SURE,true,false,true,false,false,MEDIUM,true,true,48,HIGH,42,67,35,73,19,0,76,75,38,0
SYN-000689,FRIENDS_ONLY,false,false,false,false,false,false,false,false,true,true,NEVER,false,true,false,false,false,HIGH,true,true,63,HIGH,74,66,77,33,72,38,71,35,75,36
SYN-000690,FRIENDS_ONLY,false,true,true,true,true,false,false,false,false,true,SOMETIMES,true,true,false,true,true,MEDIUM,true,false,59,HIGH,42,74,43,80,42,73,70,73,40,72
SYN-000691,PRIVATE,false,false,false,false,true,false,true,false,true,true,NEVER,true,true,true,true,false,MEDIUM,false,false,50,HIGH,0,69,38,67,74,35,70,38,37,38
SYN-000692,PUBLIC,true,false,false,false,true,false,false,false,true,false,NEVER,true,false,false,true,false,HIGH,false,true,46,HIGH,70,71,35,17,0,40,36,73,70,70
SYN-000693,PRIVATE,false,true,false,false,false,true,false,false,true,true,NEVER,false,true,true,true,true,LOW,true,false,54,HIGH,0,69,70,37,38,83,70,0,73,80
SYN-000694,PUBLIC,false,true,false,true,true,false,false,false,false,false,SOMETIMES,true,true,true,true,false,HIGH,false,true,33,MODERATE,68,37,45,18,40,0,36,0,18,17
SYN-000695,NOT_SURE,true,false,false,true,false,false,false,false,false,false,NOT_SURE,false,true,false,true,false,MEDIUM,true,false,46,HIGH,17,33,33,37,40,85,73,70,38,76
SYN-000696,FRIENDS_ONLY,true,false,false,false,false,false,false,false,false,false,NEVER,false,true,true,false,false,HIGH,true,true,42,HIGH,72,34,35,35,34,38,69,0,37,34
SYN-000697,PRIVATE,false,true,true,false,true,false,false,false,true,false,NEVER,true,false,true,true,false,HIGH,false,false,50,HIGH,34,41,73,73,34,0,34,90,68,44
SYN-000698,FRIENDS_ONLY,false,true,false,false,false,false,true,false,false,false,NEVER,true,true,false,true,false,LOW,false,false,63,HIGH,34,69,70,17,76,70,73,70,80,72
SYN-000699,PRIVATE,true,false,true,false,true,false,true,true,true,true,NEVER,false,true,true,false,true,MEDIUM,false,false,61,HIGH,68,44,78,35,76,80,69,35,72,36
SYN-000700,PUBLIC,false,true,false,false,false,false,false,false,false,false,NEVER,false,false,true,false,true,HIGH,true,true,42,HIGH,68,33,17,40,34,43,74,38,33,34
SYN-000701,PRIVATE,false,true,false,false,false,false,false,false,true,false,NEVER,false,true,true,true,true,LOW,true,true,54,HIGH,38,69,67,18,34,38,68,40,70,76
SYN-000702,PRIVATE,false,false,true,true,true,true,false,false,true,false,SOMETIMES,false,true,true,false,false,HIGH,true,true,43,HIGH,34,79,73,17,38,18,34,40,17,34
SYN-000703,PRIVATE,false,false,false,true,false,false,false,false,false,false,OFTEN,true,true,false,true,false,HIGH,true,false,38,MODERATE,0,16,73,37,76,35,35,0,42,38
SYN-000704,FRIENDS_ONLY,true,true,false,true,true,false,false,false,false,false,NEVER,true,true,false,false,false,HIGH,true,false,56,HIGH,38,74,80,35,34,35,68,0,67,70
SYN-000705,PUBLIC,false,false,false,false,false,false,true,false,true,true,NEVER,true,true,false,true,false,HIGH,false,false,57,HIGH,76,66,37,38,72,18,73,73,38,74
SYN-000706,PRIVATE,false,true,true,false,false,true,false,false,false,true,SOMETIMES,true,false,true,true,false,HIGH,true,true,49,HIGH,76,71,72,37,38,35,19,78,33,17
SYN-000707,PRIVATE,false,false,false,false,true,false,true,false,true,false,OFTEN,true,false,true,true,false,HIGH,false,false,53,HIGH,17,39,68,70,68,38,70,73,17,70
SYN-000708,PRIVATE,false,false,false,false,false,false,true,false,true,false,NEVER,true,false,false,true,false,MEDIUM,false,true,55,HIGH,0,69,38,72,68,0,71,73,70,70
SYN-000709,PRIVATE,true,false,true,false,false,false,true,false,true,false,RARELY,false,false,false,true,true,LOW,false,true,56,HIGH,17,77,38,17,74,75,74,80,78,19
SYN-000710,FRIENDS_ONLY,false,false,false,false,false,false,false,false,false,false,OFTEN,false,false,true,false,false,UNKNOWN,true,true,48,HIGH,76,16,33,73,72,18,74,43,38,17
SYN-000711,PRIVATE,true,false,false,true,false,false,false,false,false,false,OFTEN,true,false,true,true,false,UNKNOWN,true,true,53,HIGH,38,34,68,33,76,70,66,88,35,36
SYN-000712,PRIVATE,true,false,true,false,true,false,false,false,false,false,OFTEN,true,true,true,true,true,HIGH,true,false,65,HIGH,38,71,72,75,84,35,68,70,73,17
SYN-000713,PRIVATE,false,false,false,true,false,true,false,false,false,false,SOMETIMES,true,true,true,true,true,UNKNOWN,true,true,56,HIGH,72,69,37,73,78,20,38,38,78,34
SYN-000714,PRIVATE,false,false,false,false,false,false,false,false,false,false,OFTEN,true,true,true,false,false,HIGH,false,true,36,MODERATE,34,16,35,33,72,35,35,38,35,36
SYN-000715,NOT_SURE,true,false,false,true,false,false,false,false,true,false,NEVER,true,false,false,false,false,HIGH,false,false,45,HIGH,36,69,70,0,68,0,38,38,18,86
SYN-000716,PRIVATE,false,false,false,false,false,true,false,false,false,false,OFTEN,false,true,false,true,true,MEDIUM,false,false,57,HIGH,36,34,67,70,68,38,70,35,80,36
SYN-000717,PRIVATE,false,false,true,true,false,true,false,false,false,true,OFTEN,true,false,false,true,true,MEDIUM,false,true,54,HIGH,34,37,37,68,76,0,75,80,80,36
SYN-000718,PRIVATE,false,false,false,true,false,false,false,false,false,false,NEVER,true,true,false,true,false,HIGH,false,true,49,HIGH,19,69,35,73,34,0,69,0,70,76
SYN-000719,FRIENDS_ONLY,false,false,false,false,false,false,false,false,false,false,NEVER,true,false,true,true,true,HIGH,false,true,46,HIGH,42,18,67,75,36,40,35,35,75,19
SYN-000720,FRIENDS_ONLY,false,true,false,false,false,false,false,false,false,false,OFTEN,true,false,true,false,false,HIGH,true,false,56,HIGH,34,67,67,37,68,73,71,20,33,74
SYN-000721,FRIENDS_ONLY,false,false,false,false,false,false,true,true,false,false,NEVER,true,true,true,false,false,HIGH,false,true,49,HIGH,74,67,33,77,0,70,75,18,0,70
SYN-000722,PUBLIC,false,false,false,false,false,false,true,true,false,false,NEVER,true,true,true,false,true,LOW,true,true,58,HIGH,80,34,67,40,68,75,70,35,67,34
SYN-000723,FRIENDS_ONLY,false,true,true,true,false,false,false,false,true,false,NEVER,true,false,false,false,true,MEDIUM,false,true,61,HIGH,76,69,80,68,40,35,39,78,75,34
SYN-000724,PRIVATE,true,false,false,false,true,false,false,false,true,false,NEVER,true,true,false,false,false,HIGH,true,true,39,MODERATE,38,40,68,0,36,20,73,0,18,38
SYN-000725,PRIVATE,true,false,true,false,false,true,false,true,true,false,NEVER,true,true,true,true,false,HIGH,true,true,56,HIGH,72,74,77,42,34,75,33,40,67,17
SYN-000726,PRIVATE,false,true,false,false,true,false,false,false,true,true,OFTEN,true,false,true,false,false,HIGH,true,false,61,HIGH,36,71,73,35,80,0,68,73,67,72
SYN-000727,PRIVATE,false,false,false,false,false,true,true,false,true,false,NEVER,true,true,false,false,false,HIGH,true,false,49,HIGH,17,39,38,72,84,18,75,0,70,19
SYN-000728,FRIENDS_ONLY,false,false,true,false,true,false,true,true,false,true,RARELY,false,false,true,true,false,HIGH,false,true,47,HIGH,38,71,37,72,36,73,33,35,35,42
SYN-000729,PRIVATE,false,false,false,true,false,false,true,false,false,false,NEVER,true,false,true,false,true,MEDIUM,true,true,47,HIGH,36,73,68,0,34,0,75,35,42,34
SYN-000730,PRIVATE,false,true,false,false,true,false,false,true,false,false,OFTEN,true,true,true,true,false,HIGH,false,true,66,HIGH,76,36,78,77,72,75,69,35,83,46
SYN-000731,FRIENDS_ONLY,false,false,false,false,false,false,true,false,false,true,NEVER,true,true,false,false,false,HIGH,true,true,43,HIGH,80,37,33,33,34,18,76,35,17,34
SYN-000732,PRIVATE,false,false,true,false,false,true,false,true,false,true,NEVER,true,true,true,false,false,LOW,true,true,46,HIGH,34,73,40,75,38,35,19,18,68,36
SYN-000733,PRIVATE,false,false,false,false,false,false,true,false,true,false,NOT_SURE,true,true,false,false,false,HIGH,false,true,50,HIGH,34,34,75,35,76,18,74,35,18,68
SYN-000734,PRIVATE,false,false,false,false,false,true,true,true,false,true,SOMETIMES,false,true,true,false,false,MEDIUM,true,false,52,HIGH,84,39,72,42,34,20,71,0,37,72
SYN-000735,NOT_SURE,true,true,true,false,true,false,true,false,true,true,OFTEN,true,true,true,false,false,UNKNOWN,false,true,58,HIGH,70,79,77,17,70,40,73,0,37,36
SYN-000736,PRIVATE,false,true,true,false,false,false,false,false,false,false,SOMETIMES,true,false,true,false,true,HIGH,true,true,40,MODERATE,76,40,33,33,74,38,35,38,20,0
SYN-000737,PUBLIC,true,false,false,true,true,false,false,false,false,true,NEVER,true,true,true,true,false,HIGH,true,true,56,HIGH,82,74,70,78,0,0,70,80,0,70
SYN-000738,PRIVATE,false,false,false,false,false,true,false,false,false,false,NEVER,true,true,true,false,false,MEDIUM,true,false,49,HIGH,68,34,17,73,76,40,76,20,37,36
SYN-000739,PRIVATE,false,false,false,false,false,false,false,false,true,true,NEVER,true,true,true,true,false,HIGH,true,false,35,MODERATE,0,16,77,33,0,35,33,73,38,72
SYN-000740,NOT_SURE,true,false,false,true,false,true,true,false,false,false,OFTEN,true,true,false,false,false,HIGH,false,true,59,HIGH,17,77,70,37,72,0,73,40,72,78
SYN-000741,PRIVATE,false,false,false,false,false,true,true,false,false,true,SOMETIMES,true,false,false,false,false,UNKNOWN,true,false,36,MODERATE,17,37,35,37,38,40,38,75,37,19
SYN-000742,NOT_SURE,false,false,true,true,false,false,true,true,false,false,OFTEN,false,true,false,false,true,HIGH,true,true,56,HIGH,17,69,33,73,72,75,80,75,33,38
SYN-000743,PRIVATE,false,true,false,false,true,false,false,false,false,false,SOMETIMES,true,false,false,false,true,HIGH,false,false,48,HIGH,17,70,33,35,76,38,74,40,35,19
SYN-000744,PRIVATE,false,false,true,false,true,true,true,false,false,false,NEVER,false,true,true,true,false,LOW,true,true,52,HIGH,36,77,37,37,36,18,71,35,68,80
SYN-000745,PRIVATE,true,false,false,true,true,true,false,false,false,false,NEVER,true,true,false,false,false,HIGH,false,false,55,HIGH,34,71,72,37,68,38,73,38,17,72
SYN-000746,FRIENDS_ONLY,false,false,false,false,true,false,true,false,false,true,SOMETIMES,true,true,false,false,false,LOW,true,true,53,HIGH,36,37,33,72,76,75,76,0,73,34
SYN-000747,PRIVATE,true,true,false,false,false,false,true,false,false,true,NEVER,true,false,true,true,false,MEDIUM,true,true,45,HIGH,38,40,37,37,84,0,70,45,33,38
SYN-000748,PRIVATE,false,false,false,true,false,false,false,true,false,false,RARELY,false,false,false,false,true,LOW,true,true,53,HIGH,72,16,72,40,76,38,69,20,75,0
SYN-000749,PRIVATE,true,false,false,false,true,false,false,true,false,false,SOMETIMES,true,true,true,true,true,MEDIUM,true,true,48,HIGH,76,70,0,77,34,18,70,35,37,36
SYN-000750,PUBLIC,false,true,true,true,false,false,false,true,false,false,SOMETIMES,true,false,true,true,false,UNKNOWN,true,false,65,HIGH,74,73,33,70,72,75,69,45,77,72
SYN-000751,NOT_SURE,false,true,true,false,false,false,false,false,false,false,NEVER,true,true,true,true,false,MEDIUM,true,false,48,HIGH,19,77,35,17,0,70,70,70,82,34
SYN-000752,FRIENDS_ONLY,true,true,false,false,true,false,false,false,false,false,NOT_SURE,true,false,false,false,false,LOW,true,true,52,HIGH,38,74,33,38,40,18,73,70,72,34
SYN-000753,PRIVATE,false,false,true,false,false,false,false,false,false,false,NEVER,true,true,true,true,true,HIGH,false,true,43,HIGH,0,33,70,37,68,0,34,18,72,74
SYN-000754,NOT_SURE,false,false,false,false,false,false,false,false,false,true,NEVER,true,false,false,true,false,HIGH,true,true,42,HIGH,17,33,68,18,36,35,36,73,80,17
SYN-000755,PRIVATE,true,false,false,false,false,false,true,false,true,false,NEVER,true,false,false,true,true,HIGH,true,false,60,HIGH,38,77,72,43,42,0,71,80,68,72
SYN-000756,PUBLIC,false,false,false,true,false,false,false,false,false,false,RARELY,true,true,true,true,false,MEDIUM,false,false,42,HIGH,74,0,37,37,19,35,66,20,73,76
SYN-000757,FRIENDS_ONLY,true,true,false,false,false,false,true,true,false,false,SOMETIMES,true,true,true,false,false,HIGH,true,false,45,HIGH,36,76,0,40,42,38,74,35,33,76
SYN-000758,PRIVATE,false,false,false,true,false,false,true,true,false,false,NEVER,false,false,true,true,false,UNKNOWN,true,true,40,MODERATE,19,37,35,80,0,38,18,78,72,68
SYN-000759,PUBLIC,false,false,true,true,false,false,false,false,false,false,NEVER,true,true,true,false,false,HIGH,true,true,44,HIGH,72,34,37,70,34,0,68,35,33,0
SYN-000760,PRIVATE,true,false,false,false,false,true,true,false,false,false,NEVER,true,true,false,true,false,MEDIUM,true,true,49,HIGH,0,80,35,67,72,70,34,75,40,38
SYN-000761,NOT_SURE,false,false,false,true,true,false,false,false,false,false,SOMETIMES,true,false,true,true,false,MEDIUM,true,false,58,HIGH,76,67,70,70,34,73,16,45,73,74
SYN-000762,NOT_SURE,false,false,false,false,true,false,false,false,false,false,NEVER,true,true,false,false,false,MEDIUM,true,true,44,HIGH,70,70,17,33,34,18,79,18,37,0
SYN-000763,FRIENDS_ONLY,false,false,false,false,false,false,false,false,false,true,NOT_SURE,false,false,true,true,false,HIGH,false,true,49,HIGH,38,16,70,70,72,73,35,40,33,76
SYN-000764,FRIENDS_ONLY,true,false,false,false,false,false,true,true,false,true,NEVER,false,true,false,false,false,HIGH,true,true,52,HIGH,36,40,80,45,0,80,76,73,33,72
SYN-000765,PUBLIC,true,false,false,false,true,true,false,false,false,true,NEVER,true,true,true,true,false,MEDIUM,false,false,40,MODERATE,72,41,38,72,34,0,0,35,70,38
SYN-000766,PRIVATE,false,true,true,false,false,false,false,true,true,false,NEVER,true,true,false,true,true,HIGH,true,true,34,MODERATE,42,39,37,33,17,38,44,35,33,0
SYN-000767,PRIVATE,true,false,false,true,false,false,true,false,true,false,NOT_SURE,true,true,true,true,false,HIGH,false,true,44,HIGH,38,37,37,38,74,43,66,0,40,36
SYN-000768,PRIVATE,false,false,false,true,false,true,false,false,true,false,NEVER,true,true,false,false,false,HIGH,true,false,40,MODERATE,0,33,38,35,68,18,70,35,38,36
SYN-000769,PRIVATE,false,true,true,false,true,false,false,false,true,false,NEVER,false,true,false,true,false,MEDIUM,true,false,62,HIGH,0,73,68,73,70,35,73,75,87,19
SYN-000770,PRIVATE,false,true,false,false,false,false,false,false,false,false,NEVER,true,false,true,false,false,MEDIUM,false,true,42,HIGH,0,69,17,37,68,18,33,40,70,72
SYN-000771,FRIENDS_ONLY,false,false,false,false,false,false,false,false,true,true,NEVER,false,false,false,true,false,MEDIUM,true,false,48,HIGH,76,0,37,77,68,75,40,20,73,40
SYN-000772,PRIVATE,false,false,false,false,false,false,false,false,false,false,NEVER,true,false,true,true,false,HIGH,true,true,40,MODERATE,17,0,33,75,76,18,73,38,38,17
SYN-000773,PRIVATE,false,false,false,false,false,false,true,false,false,false,NEVER,true,false,true,false,true,UNKNOWN,false,true,41,HIGH,38,37,38,38,38,70,38,35,38,76
SYN-000774,PRIVATE,false,false,true,false,true,false,true,false,false,false,SOMETIMES,true,true,false,true,false,HIGH,false,true,42,HIGH,36,73,17,43,36,75,66,18,17,19
SYN-000775,PRIVATE,false,true,true,false,true,false,true,false,false,false,RARELY,true,true,true,true,false,HIGH,true,true,59,HIGH,38,77,73,67,72,70,69,18,20,34
SYN-000776,FRIENDS_ONLY,true,true,false,true,false,false,false,false,false,false,SOMETIMES,false,true,false,false,true,HIGH,false,true,47,HIGH,42,74,33,72,38,35,41,0,40,68
SYN-000777,PRIVATE,false,false,false,false,false,false,false,false,false,false,NEVER,true,true,true,true,true,HIGH,true,true,55,HIGH,70,69,67,35,0,38,74,75,75,0
SYN-000778,FRIENDS_ONLY,false,false,false,true,true,false,false,false,false,false,NEVER,true,true,true,true,false,UNKNOWN,false,true,49,HIGH,38,66,73,18,34,75,0,75,78,72
SYN-000779,PRIVATE,false,false,false,false,false,false,false,true,false,false,SOMETIMES,true,true,true,false,false,HIGH,true,false,46,HIGH,19,16,67,72,40,70,71,20,33,38
SYN-000780,PUBLIC,false,false,false,true,true,false,true,false,true,false,NEVER,false,true,false,false,false,HIGH,true,true,63,HIGH,72,70,80,72,34,40,75,35,37,76
SYN-000781,PUBLIC,false,true,false,true,false,false,false,false,true,false,OFTEN,true,true,true,true,false,HIGH,true,true,53,HIGH,76,36,73,73,80,0,35,18,75,0
SYN-000782,NOT_SURE,false,false,false,false,false,false,true,false,false,false,NEVER,false,false,true,false,true,MEDIUM,true,true,43,HIGH,36,37,0,33,68,40,71,75,70,0
SYN-000783,FRIENDS_ONLY,false,false,true,true,false,false,false,false,false,false,NEVER,true,false,false,true,false,HIGH,false,true,45,HIGH,34,67,78,40,17,38,33,40,43,17
SYN-000784,PRIVATE,false,false,false,false,false,false,false,true,false,true,NEVER,false,true,true,true,false,HIGH,true,true,45,HIGH,17,16,77,70,34,40,68,70,17,34
SYN-000785,PRIVATE,false,false,false,false,false,false,false,false,false,true,NEVER,true,true,true,true,false,HIGH,false,true,37,MODERATE,68,37,35,0,34,75,34,75,17,38
SYN-000786,PRIVATE,false,true,true,true,false,false,false,false,false,true,NEVER,true,true,false,false,true,HIGH,true,false,46,HIGH,0,73,72,33,17,18,73,35,40,40
SYN-000787,PRIVATE,false,true,false,false,true,true,false,false,true,false,NEVER,true,true,true,true,false,UNKNOWN,false,false,38,MODERATE,34,77,35,17,38,35,35,0,35,36
SYN-000788,PRIVATE,false,false,true,false,true,false,false,false,false,true,NEVER,false,false,false,true,true,HIGH,true,false,60,HIGH,34,39,77,70,68,38,70,75,70,36
SYN-000789,PRIVATE,false,false,true,true,false,false,true,true,false,false,NEVER,true,true,true,true,true,HIGH,true,true,58,HIGH,68,36,72,83,34,38,70,70,37,68
SYN-000790,PRIVATE,false,false,false,false,false,false,false,true,false,false,NEVER,true,true,false,false,false,MEDIUM,false,true,40,MODERATE,38,18,68,37,36,35,40,0,73,17
SYN-000791,PUBLIC,false,false,true,true,false,false,false,false,false,false,NEVER,true,true,true,true,false,MEDIUM,true,false,60,HIGH,76,70,77,72,17,85,35,18,73,76
SYN-000792,PRIVATE,false,true,false,true,false,true,false,true,true,false,OFTEN,true,true,true,false,false,HIGH,false,false,63,HIGH,76,69,73,33,76,38,68,0,70,78
SYN-000793,PUBLIC,false,false,true,true,false,true,false,true,false,true,SOMETIMES,true,true,true,true,false,MEDIUM,false,true,68,HIGH,80,73,77,77,42,80,65,80,37,74
SYN-000794,PRIVATE,false,true,false,false,false,false,false,false,true,false,NEVER,false,true,false,true,false,HIGH,true,false,51,HIGH,17,36,67,70,34,38,69,70,40,74
SYN-000795,PUBLIC,false,true,true,false,false,false,false,false,false,false,NEVER,false,true,true,true,false,UNKNOWN,false,true,51,HIGH,82,37,68,77,38,18,0,75,77,68
SYN-000796,PRIVATE,true,true,false,false,false,false,false,false,false,false,SOMETIMES,false,false,true,true,false,MEDIUM,false,true,40,MODERATE,34,70,17,33,34,43,33,20,73,38
SYN-000797,PRIVATE,false,false,false,false,true,true,false,true,true,false,NEVER,false,true,true,true,false,HIGH,true,false,53,HIGH,17,73,75,72,78,35,33,38,33,36
SYN-000798,PRIVATE,false,false,false,false,true,true,false,true,false,false,NEVER,false,true,true,true,false,HIGH,false,true,46,HIGH,68,36,17,33,38,73,38,75,73,72
SYN-000799,PUBLIC,true,true,true,false,false,false,true,false,true,false,RARELY,true,true,false,false,false,MEDIUM,false,false,52,HIGH,80,76,70,70,19,70,18,35,35,40
SYN-000800,PRIVATE,true,true,true,false,false,true,false,false,false,false,RARELY,true,false,true,true,false,HIGH,true,false,55,HIGH,19,77,67,70,40,43,69,85,18,38
SYN-000801,PRIVATE,false,false,false,false,false,false,false,false,false,false,RARELY,false,false,true,true,false,MEDIUM,true,false,38,MODERATE,36,19,17,0,74,75,69,40,37,42
SYN-000802,PRIVATE,true,false,false,false,true,false,false,false,false,false,OFTEN,false,false,true,true,false,LOW,true,false,48,HIGH,42,39,17,67,76,75,35,70,70,40
SYN-000803,PRIVATE,true,true,false,false,true,false,false,false,false,false,RARELY,false,true,true,false,true,HIGH,false,true,46,HIGH,34,39,20,68,17,75,69,73,38,76
SYN-000804,NOT_SURE,true,true,false,false,false,true,false,false,false,false,NEVER,true,true,true,true,false,HIGH,false,true,45,HIGH,78,73,35,17,0,70,65,18,17,68
SYN-000805,FRIENDS_ONLY,false,false,false,false,false,false,true,true,false,false,OFTEN,true,false,true,true,false,HIGH,true,true,61,HIGH,74,33,73,82,76,20,70,38,67,34
SYN-000806,FRIENDS_ONLY,true,false,false,false,false,false,false,false,true,false,RARELY,false,true,false,true,true,HIGH,true,false,55,HIGH,80,66,77,0,17,35,79,40,67,36
SYN-000807,PRIVATE,false,false,false,true,true,true,false,false,true,true,NEVER,true,true,true,true,true,HIGH,true,true,38,MODERATE,0,39,75,0,34,0,65,40,43,36
SYN-000808,PRIVATE,true,false,false,false,false,false,false,true,true,true,NEVER,false,true,false,false,true,UNKNOWN,true,true,52,HIGH,72,34,43,77,36,43,71,18,72,19
SYN-000809,PRIVATE,false,false,false,true,false,true,false,false,false,false,SOMETIMES,true,true,false,false,false,HIGH,true,false,46,HIGH,34,39,40,77,36,35,35,75,70,38
SYN-000810,PRIVATE,true,false,false,false,true,true,false,false,false,false,OFTEN,false,false,true,true,false,HIGH,true,true,49,HIGH,0,73,0,73,72,70,38,75,67,74
SYN-000811,NOT_SURE,false,false,false,false,true,true,false,false,true,true,SOMETIMES,true,false,false,false,false,HIGH,true,true,53,HIGH,70,74,70,33,40,0,68,70,18,34
SYN-000812,PRIVATE,false,false,false,true,false,false,true,true,false,false,NEVER,true,true,true,true,true,HIGH,true,true,49,HIGH,68,36,38,80,74,38,35,70,33,34
SYN-000813,PRIVATE,false,false,false,false,false,false,true,true,true,false,RARELY,true,true,true,false,false,LOW,true,false,62,HIGH,17,67,77,77,40,18,73,70,83,72
SYN-000814,PRIVATE,true,false,false,false,false,true,true,true,false,false,NEVER,true,true,false,true,false,MEDIUM,false,true,59,HIGH,17,77,35,70,76,75,69,45,73,40
SYN-000815,PRIVATE,false,true,false,false,false,true,false,true,false,false,SOMETIMES,true,false,false,false,false,LOW,true,true,53,HIGH,40,69,33,37,42,35,75,73,72,34
SYN-000816,PRIVATE,false,false,false,false,false,false,false,false,false,false,SOMETIMES,false,true,false,false,true,HIGH,true,false,54,HIGH,36,67,35,67,72,18,75,75,37,38
SYN-000817,PRIVATE,false,false,false,true,true,false,true,false,false,false,SOMETIMES,false,false,false,false,true,HIGH,true,true,48,HIGH,34,37,72,35,42,75,76,23,33,17
SYN-000818,NOT_SURE,false,false,false,false,false,false,false,false,true,false,NEVER,false,true,true,false,false,UNKNOWN,true,true,27,MODERATE,19,0,37,17,72,40,34,18,20,17
SYN-000819,FRIENDS_ONLY,false,false,false,false,false,false,false,true,true,false,NEVER,false,true,true,true,false,LOW,true,true,48,HIGH,42,16,73,75,38,38,35,73,83,0
SYN-000820,FRIENDS_ONLY,false,false,true,false,false,false,false,false,true,false,NEVER,true,true,true,true,false,HIGH,true,true,55,HIGH,40,66,72,73,80,0,19,73,70,34
SYN-000821,PRIVATE,false,false,false,true,true,false,false,false,false,false,NEVER,true,true,true,true,false,MEDIUM,true,true,40,MODERATE,84,67,35,0,68,70,0,0,42,34
SYN-000822,NOT_SURE,true,false,false,false,false,true,true,true,false,false,NEVER,false,true,false,false,false,LOW,true,true,58,HIGH,72,74,35,45,21,40,85,70,77,34
SYN-000823,FRIENDS_ONLY,true,false,true,false,true,false,false,true,false,false,OFTEN,true,true,false,true,true,HIGH,true,true,56,HIGH,78,71,18,73,68,18,73,73,18,68
SYN-000824,FRIENDS_ONLY,false,false,true,true,false,false,false,false,true,false,OFTEN,false,true,true,true,false,HIGH,true,true,51,HIGH,38,39,73,37,74,20,36,35,77,72
SYN-000825,NOT_SURE,false,false,false,false,false,false,false,false,true,false,NOT_SURE,false,false,false,true,false,MEDIUM,true,false,41,HIGH,40,18,35,35,17,80,70,38,37,82
SYN-000826,PRIVATE,true,true,true,false,false,true,false,false,false,false,SOMETIMES,true,true,true,false,false,MEDIUM,true,true,55,HIGH,72,77,22,78,42,35,70,80,33,34
SYN-000827,PUBLIC,false,false,false,false,false,true,false,false,false,false,NEVER,false,true,true,true,true,MEDIUM,true,true,38,MODERATE,70,37,33,35,34,45,35,40,40,0
SYN-000828,PRIVATE,false,false,false,false,true,false,true,false,true,true,NOT_SURE,true,true,true,true,true,MEDIUM,true,true,59,HIGH,42,37,78,68,74,75,70,40,37,72
SYN-000829,PUBLIC,true,true,true,false,true,false,true,false,true,false,OFTEN,false,false,true,true,true,MEDIUM,true,false,56,HIGH,76,80,37,35,68,40,70,35,43,42
SYN-000830,PRIVATE,false,false,false,false,false,true,true,false,false,true,NEVER,true,false,true,false,true,HIGH,true,false,46,HIGH,78,36,35,70,40,0,70,75,17,17
SYN-000831,PRIVATE,true,false,false,true,false,true,false,false,true,false,NOT_SURE,true,true,true,true,false,UNKNOWN,true,true,61,HIGH,34,76,87,38,78,18,36,73,77,68
SYN-000832,NOT_SURE,false,false,false,false,true,true,false,true,true,false,NEVER,false,false,false,false,true,UNKNOWN,false,false,44,HIGH,17,71,35,80,17,45,41,40,18,80
SYN-000833,FRIENDS_ONLY,true,false,false,true,true,true,true,false,true,true,NEVER,false,true,false,false,false,HIGH,true,false,60,HIGH,40,74,73,38,76,73,40,70,70,38
SYN-000834,PRIVATE,false,false,false,false,false,false,true,true,false,false,NEVER,true,false,true,true,true,MEDIUM,true,false,44,HIGH,76,34,33,73,34,18,34,45,37,68
SYN-000835,PRIVATE,true,true,false,false,false,false,false,false,false,false,OFTEN,false,true,true,false,false,HIGH,false,true,59,HIGH,17,71,68,67,76,80,38,70,75,38
SYN-000836,PRIVATE,true,false,false,false,false,false,false,false,true,false,RARELY,false,false,true,true,true,HIGH,true,true,43,HIGH,0,36,70,40,74,20,69,38,18,17
SYN-000837,PUBLIC,false,false,false,true,false,false,false,false,false,false,NEVER,false,false,false,true,true,HIGH,true,true,48,HIGH,68,0,75,75,0,80,38,35,72,72
SYN-000838,PUBLIC,true,true,false,false,true,false,false,false,true,false,OFTEN,true,true,false,true,false,HIGH,false,true,54,HIGH,80,74,38,40,72,35,70,0,18,70
SYN-000839,PRIVATE,false,false,false,false,false,true,true,false,true,false,RARELY,true,true,false,true,false,HIGH,false,true,55,HIGH,40,40,72,72,17,18,70,75,68,70
SYN-000840,FRIENDS_ONLY,true,false,true,false,false,false,false,true,false,false,NEVER,true,true,false,false,false,MEDIUM,false,false,47,HIGH,38,73,18,80,0,38,73,18,42,76
SYN-000841,NOT_SURE,true,false,false,false,false,true,false,true,false,false,SOMETIMES,false,true,true,false,false,MEDIUM,true,true,54,HIGH,17,71,70,73,72,38,71,0,40,0
SYN-000842,NOT_SURE,false,false,true,false,false,false,true,false,false,false,NEVER,false,true,true,false,true,HIGH,true,true,44,HIGH,38,39,67,67,0,43,75,70,0,17
SYN-000843,PRIVATE,false,false,false,false,false,true,false,false,false,false,NEVER,false,true,true,true,true,HIGH,true,true,49,HIGH,34,71,73,18,70,45,33,0,70,17
SYN-000844,PRIVATE,false,false,true,false,false,false,false,false,false,false,NEVER,true,true,true,true,false,MEDIUM,true,false,52,HIGH,68,34,35,72,68,43,36,35,77,76
SYN-000845,PUBLIC,true,true,true,false,false,false,true,false,true,false,NEVER,true,true,false,false,false,HIGH,true,true,58,HIGH,72,80,33,67,68,35,73,0,68,19
SYN-000846,NOT_SURE,false,true,true,false,false,true,true,true,false,false,NEVER,false,true,false,true,false,HIGH,false,true,49,HIGH,36,43,70,75,0,35,68,18,77,17
SYN-000847,PRIVATE,true,false,true,true,false,false,false,false,false,false,NEVER,false,false,false,true,true,HIGH,false,false,54,HIGH,42,69,35,37,17,35,78,73,85,72
SYN-000848,PRIVATE,true,false,false,false,false,false,false,false,false,false,NEVER,false,false,true,true,false,HIGH,true,true,44,HIGH,72,37,33,17,84,43,35,73,37,34
SYN-000849,NOT_SURE,false,false,true,false,false,false,false,false,false,true,NEVER,false,false,true,true,false,UNKNOWN,true,true,47,HIGH,40,34,73,70,36,80,33,83,17,34
SYN-000850,PRIVATE,false,false,false,false,true,false,false,false,false,true,SOMETIMES,false,true,true,true,true,MEDIUM,true,false,41,HIGH,0,34,37,67,38,80,38,35,70,34
SYN-000851,NOT_SURE,false,false,true,false,false,false,true,true,true,false,NEVER,true,false,true,true,false,MEDIUM,true,true,48,HIGH,38,41,38,77,34,40,68,80,37,34
SYN-000852,PRIVATE,false,false,false,false,false,false,true,false,true,true,NEVER,true,true,false,false,false,UNKNOWN,true,false,37,MODERATE,0,36,43,80,34,18,35,40,38,38
SYN-000853,FRIENDS_ONLY,false,false,false,false,true,false,false,true,false,false,NOT_SURE,true,true,true,false,true,LOW,false,false,49,HIGH,34,33,40,70,21,40,70,38,77,72
SYN-000854,PUBLIC,true,true,false,false,false,true,true,false,false,false,NEVER,true,true,true,false,false,LOW,false,true,60,HIGH,84,79,77,33,0,70,66,0,70,80
SYN-000855,NOT_SURE,false,false,true,true,false,false,false,false,false,false,NEVER,false,false,false,false,false,HIGH,true,false,57,HIGH,36,39,73,68,76,43,68,18,73,36
SYN-000856,FRIENDS_ONLY,true,false,true,false,true,false,false,false,false,false,NEVER,false,true,true,true,false,MEDIUM,true,false,57,HIGH,88,76,70,37,36,45,65,38,33,42
SYN-000857,NOT_SURE,false,false,false,true,false,false,false,false,false,false,NEVER,true,false,false,true,false,HIGH,false,true,51,HIGH,70,16,68,18,78,70,71,43,33,36
SYN-000858,FRIENDS_ONLY,true,true,true,false,true,false,false,false,false,false,NEVER,true,true,false,true,true,HIGH,false,true,52,HIGH,38,77,37,33,70,0,73,78,37,40
SYN-000859,PRIVATE,false,true,true,false,false,false,false,false,false,false,NOT_SURE,true,false,true,false,true,HIGH,false,true,45,HIGH,34,36,33,33,17,40,73,80,70,38
SYN-000860,PRIVATE,false,false,true,true,false,false,false,false,false,true,NEVER,false,false,false,true,false,LOW,true,true,56,HIGH,70,66,70,18,72,75,35,70,67,17
SYN-000861,PRIVATE,true,true,false,false,false,false,true,false,false,false,OFTEN,false,true,false,true,false,HIGH,true,true,50,HIGH,34,71,0,70,82,35,74,18,68,0
SYN-000862,PRIVATE,true,false,false,false,true,false,false,false,false,true,NEVER,true,true,true,true,true,HIGH,false,true,48,HIGH,68,69,72,37,0,18,70,35,17,34
SYN-000863,PRIVATE,false,false,false,false,false,true,true,false,false,false,RARELY,true,true,true,false,false,HIGH,true,true,30,MODERATE,42,69,17,0,19,18,70,0,0,0
SYN-000864,NOT_SURE,true,false,false,false,true,false,false,false,false,false,NEVER,true,true,false,true,false,HIGH,true,false,52,HIGH,38,69,18,67,72,20,71,18,80,19
SYN-000865,PRIVATE,true,true,false,false,false,true,false,true,false,false,SOMETIMES,false,true,false,true,false,LOW,false,false,55,HIGH,17,71,35,75,88,35,69,0,72,44
SYN-000866,PRIVATE,true,false,true,true,false,false,true,false,true,true,RARELY,false,true,false,false,false,LOW,true,false,66,HIGH,68,71,78,33,72,80,73,40,72,36
SYN-000867,PRIVATE,false,true,false,true,true,true,false,true,false,false,NEVER,true,false,false,false,false,HIGH,true,false,55,HIGH,40,76,70,42,34,35,74,75,38,17
SYN-000868,PRIVATE,false,false,false,false,false,false,false,true,false,false,NEVER,true,false,true,false,false,HIGH,true,true,36,MODERATE,17,21,37,78,17,35,69,40,17,0
SYN-000869,PRIVATE,false,true,true,true,false,true,false,false,true,false,NEVER,false,true,false,true,true,HIGH,true,true,52,HIGH,70,77,77,35,36,70,39,0,35,34
SYN-000870,PRIVATE,false,false,true,false,true,false,false,false,false,false,NEVER,true,false,true,false,true,MEDIUM,false,true,58,HIGH,72,71,0,73,72,40,68,75,75,42
SYN-000871,PRIVATE,false,false,true,false,false,false,false,false,false,false,RARELY,false,true,true,false,false,HIGH,true,true,40,MODERATE,38,39,0,17,74,90,38,70,80,0
SYN-000872,PRIVATE,true,false,true,false,false,false,true,false,true,true,SOMETIMES,false,true,true,false,false,HIGH,false,true,52,HIGH,34,39,72,67,42,35,69,70,35,36
SYN-000873,PRIVATE,false,true,false,false,false,false,false,false,true,false,NEVER,true,true,false,false,true,HIGH,false,true,51,HIGH,34,36,72,73,70,70,70,0,17,36
SYN-000874,PRIVATE,false,true,false,false,true,true,false,false,false,true,NEVER,false,true,true,true,false,MEDIUM,true,true,33,MODERATE,0,40,37,0,34,18,66,35,37,34
SYN-000875,PRIVATE,false,true,false,false,false,false,false,false,false,true,NOT_SURE,false,false,false,false,true,LOW,true,true,69,HIGH,36,67,80,70,76,38,80,70,77,72
SYN-000876,PRIVATE,false,false,true,false,true,true,false,true,false,true,SOMETIMES,false,false,true,true,true,HIGH,true,true,48,HIGH,34,43,42,72,76,18,68,18,33,40
SYN-000877,PRIVATE,false,false,true,true,false,true,false,true,false,false,NEVER,true,true,true,false,false,HIGH,true,false,57,HIGH,0,69,72,38,34,70,68,78,72,72
SYN-000878,PRIVATE,false,false,true,false,true,false,true,false,true,false,NEVER,false,false,false,true,false,HIGH,false,false,48,HIGH,34,74,77,68,17,40,34,20,18,74
SYN-000879,PRIVATE,false,false,false,false,false,false,true,false,false,false,SOMETIMES,false,false,true,true,false,HIGH,false,true,50,HIGH,36,67,38,38,44,75,65,38,38,68
SYN-000880,PRIVATE,false,true,false,false,false,false,false,false,false,false,NOT_SURE,true,true,false,true,false,HIGH,true,false,49,HIGH,19,67,37,68,72,0,68,38,35,36
SYN-000881,PRIVATE,true,false,false,false,true,false,false,false,true,true,NEVER,true,true,false,false,true,HIGH,true,false,58,HIGH,17,71,72,38,34,38,85,75,75,34
SYN-000882,PRIVATE,false,false,true,false,true,false,false,true,false,false,NEVER,true,true,true,false,false,HIGH,true,true,48,HIGH,74,70,0,72,78,0,66,73,20,0
SYN-000883,FRIENDS_ONLY,true,false,false,false,false,false,false,true,true,false,NEVER,true,true,false,true,true,MEDIUM,false,false,54,HIGH,74,39,40,77,40,0,80,73,40,74
SYN-000884,PUBLIC,false,true,false,false,true,false,false,false,false,false,SOMETIMES,true,true,true,true,false,HIGH,true,true,51,HIGH,88,70,18,38,72,20,36,75,40,68
SYN-000885,PRIVATE,true,false,false,false,true,false,false,false,true,false,OFTEN,true,true,false,false,false,HIGH,true,true,53,HIGH,36,70,35,67,76,70,74,20,17,36
SYN-000886,PRIVATE,true,false,false,true,false,false,false,false,false,false,RARELY,true,true,true,true,true,HIGH,true,true,45,HIGH,70,34,35,37,70,38,68,0,35,36
SYN-000887,FRIENDS_ONLY,false,false,false,true,false,false,false,false,false,false,NEVER,false,true,true,false,true,HIGH,false,true,45,HIGH,36,16,78,0,34,38,75,0,70,74
SYN-000888,PRIVATE,false,false,false,true,true,false,false,false,false,false,NEVER,true,false,true,true,true,MEDIUM,true,false,45,HIGH,36,36,70,33,17,0,74,73,43,38
SYN-000889,PRIVATE,false,false,false,false,true,false,true,true,true,false,NEVER,true,true,false,false,false,HIGH,true,true,45,HIGH,0,70,42,38,38,35,78,38,35,34
SYN-000890,FRIENDS_ONLY,true,false,true,false,false,false,true,false,false,false,SOMETIMES,true,false,true,false,false,MEDIUM,true,true,48,HIGH,42,74,37,0,36,75,68,18,72,34
SYN-000891,PRIVATE,false,false,false,false,false,false,true,true,false,false,NEVER,false,true,false,false,false,HIGH,false,true,41,HIGH,17,70,0,73,74,20,38,80,17,38
SYN-000892,NOT_SURE,true,false,false,false,true,false,false,false,false,false,NEVER,true,true,true,true,false,LOW,false,true,37,MODERATE,38,36,0,68,17,73,16,38,70,80
SYN-000893,PRIVATE,true,false,false,false,false,true,true,false,false,true,NEVER,false,true,true,true,true,HIGH,true,true,61,HIGH,68,83,43,70,38,35,74,80,72,0
SYN-000894,PRIVATE,false,false,true,true,true,false,false,false,true,false,SOMETIMES,true,true,true,true,false,HIGH,false,true,61,HIGH,76,73,72,38,36,0,70,73,67,70
SYN-000895,PRIVATE,false,true,true,true,true,false,true,false,true,true,NOT_SURE,true,true,true,true,false,MEDIUM,false,false,51,HIGH,17,43,82,38,72,75,34,0,70,80
SYN-000896,PUBLIC,false,false,false,true,false,false,false,false,false,false,RARELY,false,true,true,true,false,HIGH,false,false,47,HIGH,76,16,70,35,40,35,68,35,17,76
SYN-000897,PRIVATE,false,false,true,false,false,true,true,false,false,false,NEVER,false,true,false,true,false,HIGH,false,true,46,HIGH,17,73,67,68,38,45,33,70,0,38
SYN-000898,PRIVATE,false,true,false,false,false,false,false,true,true,false,SOMETIMES,true,false,true,true,false,LOW,false,false,46,HIGH,0,37,37,73,78,80,38,20,68,38
SYN-000899,FRIENDS_ONLY,false,false,true,false,true,false,false,true,false,true,NOT_SURE,false,true,true,false,true,HIGH,false,false,60,HIGH,44,69,77,73,42,20,71,0,73,72
SYN-000900,NOT_SURE,true,false,false,false,false,true,false,true,false,false,SOMETIMES,false,true,false,false,true,HIGH,false,true,54,HIGH,17,73,68,83,40,83,43,20,35,72
SYN-000901,PRIVATE,false,false,false,true,false,false,false,false,false,true,NEVER,true,false,false,true,false,HIGH,true,true,45,HIGH,36,19,45,17,72,20,73,38,68,36
SYN-000902,FRIENDS_ONLY,false,false,true,true,false,false,false,true,false,false,NEVER,true,true,true,false,true,UNKNOWN,false,true,57,HIGH,76,73,37,68,76,0,75,40,35,36
SYN-000903,PRIVATE,false,true,false,false,true,false,false,true,false,false,NEVER,true,true,true,false,false,HIGH,true,true,36,MODERATE,36,36,18,68,17,0,75,70,0,19
SYN-000904,PRIVATE,false,false,false,false,true,true,true,false,true,true,NEVER,true,false,false,false,false,HIGH,true,false,59,HIGH,17,73,83,70,68,80,36,70,37,72
SYN-000905,FRIENDS_ONLY,true,false,true,false,true,false,false,false,true,false,NEVER,true,false,true,true,true,HIGH,true,false,49,HIGH,42,39,45,73,72,0,40,40,77,34
SYN-000906,FRIENDS_ONLY,false,false,true,true,true,false,false,false,true,false,RARELY,true,true,true,false,true,HIGH,false,true,39,MODERATE,42,37,38,18,36,20,78,35,17,34
SYN-000907,PRIVATE,false,true,false,false,false,true,true,false,true,false,OFTEN,true,true,true,false,false,HIGH,true,false,50,HIGH,38,74,35,37,72,18,71,35,40,38
SYN-000908,PRIVATE,false,false,false,true,false,true,false,false,true,true,NEVER,true,false,true,true,false,HIGH,false,false,57,HIGH,34,33,77,77,76,70,71,38,35,38
SYN-000909,PRIVATE,false,false,false,true,true,false,false,false,false,false,NEVER,true,true,true,true,false,HIGH,true,true,39,MODERATE,42,34,33,82,34,0,71,20,0,36
SYN-000910,PUBLIC,false,true,false,false,false,true,false,false,false,false,SOMETIMES,true,true,false,false,false,HIGH,true,false,37,MODERATE,78,37,0,0,36,35,71,35,35,44
SYN-000911,PRIVATE,false,false,false,false,false,true,true,false,false,true,NOT_SURE,false,false,true,false,false,MEDIUM,false,true,56,HIGH,34,39,70,78,76,85,66,35,35,38
SYN-000912,PRIVATE,false,false,false,true,false,true,false,false,false,false,NEVER,false,true,true,true,false,HIGH,false,false,36,MODERATE,70,36,37,0,17,35,20,0,75,76
SYN-000913,PRIVATE,false,true,false,false,false,false,true,true,true,false,SOMETIMES,true,true,true,true,false,HIGH,true,false,46,HIGH,42,69,37,73,34,75,16,70,37,36
SYN-000914,PUBLIC,false,true,true,false,false,false,false,false,true,false,SOMETIMES,true,true,true,false,true,HIGH,true,false,50,HIGH,72,70,33,38,34,78,70,0,18,76
SYN-000915,PRIVATE,false,false,false,false,false,true,false,true,false,false,NEVER,true,false,false,true,false,MEDIUM,true,true,49,HIGH,84,66,0,35,0,85,69,75,70,34
SYN-000916,PUBLIC,false,false,false,false,false,false,false,false,true,false,NEVER,false,true,false,true,true,HIGH,false,false,59,HIGH,72,16,73,75,80,78,73,18,35,80
SYN-000917,PRIVATE,false,false,false,true,true,true,true,true,false,false,NEVER,true,false,true,true,true,HIGH,true,true,56,HIGH,38,73,38,78,17,70,74,85,72,0
SYN-000918,PRIVATE,false,true,false,true,false,false,false,false,false,false,OFTEN,true,false,true,true,true,MEDIUM,true,true,59,HIGH,72,71,77,35,76,70,33,43,42,72
SYN-000919,PRIVATE,false,false,true,true,false,false,false,true,false,false,NEVER,true,true,false,true,false,HIGH,true,true,52,HIGH,38,73,73,73,0,35,76,20,33,38
SYN-000920,PRIVATE,false,false,true,false,false,false,false,false,false,false,NOT_SURE,false,true,false,true,false,MEDIUM,false,true,50,HIGH,34,67,35,20,72,75,68,40,40,38
SYN-000921,PRIVATE,false,false,false,false,false,false,false,false,false,false,NEVER,true,false,true,true,false,HIGH,false,true,41,HIGH,34,18,70,33,34,35,16,43,72,80
SYN-000922,PUBLIC,false,false,false,false,false,false,false,false,false,true,NEVER,true,true,false,true,true,HIGH,true,false,42,HIGH,84,16,33,40,23,0,73,80,35,36
SYN-000923,FRIENDS_ONLY,false,true,false,false,false,false,false,false,false,true,NEVER,false,true,true,true,false,UNKNOWN,true,true,49,HIGH,72,69,75,17,38,73,16,75,35,19
SYN-000924,PRIVATE,false,false,false,false,false,false,true,false,true,false,NEVER,true,true,false,true,false,HIGH,true,true,42,HIGH,34,33,37,18,68,0,71,20,70,17
SYN-000925,PRIVATE,true,false,false,false,false,true,false,false,true,true,OFTEN,true,true,true,false,true,HIGH,true,true,54,HIGH,0,74,75,70,76,70,70,0,0,70
SYN-000926,FRIENDS_ONLY,false,false,false,false,false,false,false,false,false,false,OFTEN,false,true,true,true,false,MEDIUM,false,true,39,MODERATE,38,16,35,17,70,38,73,35,33,17
SYN-000927,FRIENDS_ONLY,false,true,false,false,false,true,false,false,false,true,NEVER,false,true,true,true,false,HIGH,true,false,42,HIGH,42,40,70,17,36,78,34,0,38,72
SYN-000928,PUBLIC,false,false,false,false,false,false,false,false,false,true,NEVER,true,true,true,true,false,HIGH,false,true,42,HIGH,72,0,33,37,34,18,65,23,73,70
SYN-000929,PRIVATE,false,false,false,false,true,false,false,false,false,false,SOMETIMES,false,false,true,true,true,MEDIUM,false,false,49,HIGH,74,70,33,37,36,20,70,38,35,42
SYN-000930,FRIENDS_ONLY,false,false,false,false,false,false,false,false,true,false,NEVER,true,false,true,true,false,HIGH,true,false,38,MODERATE,42,0,68,68,17,35,35,80,0,72
SYN-000931,PRIVATE,false,false,true,false,true,false,false,false,false,false,OFTEN,false,true,false,true,false,MEDIUM,true,false,47,HIGH,84,71,17,17,68,18,36,40,72,36
SYN-000932,PRIVATE,false,true,false,false,true,true,true,false,true,false,NEVER,false,true,false,true,false,HIGH,false,true,48,HIGH,36,41,37,35,34,38,71,73,75,40
SYN-000933,PRIVATE,false,false,false,false,false,false,false,false,false,false,NEVER,false,true,true,false,false,HIGH,false,true,43,HIGH,68,0,38,35,34,45,73,0,68,72
SYN-000934,FRIENDS_ONLY,false,true,true,false,false,false,false,false,true,true,NEVER,true,true,false,true,false,HIGH,true,true,54,HIGH,40,73,73,68,78,75,38,45,0,34
SYN-000935,PRIVATE,false,true,true,true,false,false,true,false,true,false,SOMETIMES,true,false,true,true,true,MEDIUM,true,true,47,HIGH,17,73,78,35,34,0,68,40,38,0
SYN-000936,PUBLIC,false,true,false,false,false,false,false,false,false,true,NEVER,true,true,false,true,false,LOW,false,true,59,HIGH,72,66,72,37,76,43,38,35,70,68
SYN-000937,PRIVATE,false,true,false,true,false,false,false,true,true,true,NEVER,true,true,false,true,false,MEDIUM,false,true,55,HIGH,36,36,80,35,68,75,73,0,73,38
SYN-000938,NOT_SURE,false,false,true,false,false,true,true,false,false,true,NEVER,false,true,true,true,true,HIGH,true,false,49,HIGH,70,74,37,35,0,35,74,18,37,80
SYN-000939,NOT_SURE,false,false,false,true,true,false,true,true,false,false,OFTEN,true,true,true,false,false,HIGH,true,false,65,HIGH,76,37,77,75,68,35,74,75,70,40
SYN-000940,PRIVATE,true,false,false,false,false,false,false,false,true,false,NEVER,true,false,false,true,false,UNKNOWN,true,true,52,HIGH,38,67,70,37,74,0,36,73,35,72
SYN-000941,PRIVATE,false,true,false,true,false,false,false,false,false,false,SOMETIMES,false,false,true,false,false,HIGH,true,false,54,HIGH,78,36,40,67,40,35,68,75,70,19
SYN-000942,FRIENDS_ONLY,false,true,false,false,false,false,false,false,true,false,NEVER,true,false,true,true,true,HIGH,true,false,43,HIGH,40,34,33,0,68,73,73,43,38,40
SYN-000943,PRIVATE,false,true,false,false,true,false,false,false,true,false,OFTEN,true,false,false,true,false,MEDIUM,true,true,63,HIGH,38,69,37,77,78,35,70,88,75,68
SYN-000944,PRIVATE,true,false,true,false,false,true,false,false,true,false,NEVER,false,false,true,true,false,HIGH,true,true,52,HIGH,76,73,38,20,70,43,74,38,35,0
SYN-000945,FRIENDS_ONLY,true,false,true,false,false,false,false,false,false,false,OFTEN,true,false,true,false,true,MEDIUM,true,true,53,HIGH,74,39,73,33,72,0,71,40,35,38
SYN-000946,PRIVATE,false,false,true,false,true,false,false,true,false,false,SOMETIMES,true,true,true,true,false,HIGH,true,true,39,MODERATE,68,36,0,83,40,75,16,18,37,70
SYN-000947,PRIVATE,false,false,false,true,true,false,false,false,true,false,SOMETIMES,false,true,false,false,false,UNKNOWN,true,true,57,HIGH,70,69,40,33,36,38,81,35,72,68
SYN-000948,PRIVATE,true,false,false,false,true,false,true,false,false,false,OFTEN,true,true,true,true,false,LOW,false,false,61,HIGH,0,77,72,37,84,35,73,18,83,84
SYN-000949,PRIVATE,true,false,false,false,false,false,true,false,false,true,NEVER,false,true,true,true,false,MEDIUM,true,true,55,HIGH,76,69,33,38,34,40,69,35,72,68
SYN-000950,FRIENDS_ONLY,false,false,false,true,true,true,false,true,false,true,NEVER,true,true,true,true,true,MEDIUM,true,true,47,HIGH,42,70,77,73,0,38,34,18,38,34
SYN-000951,NOT_SURE,false,false,false,true,true,false,false,false,false,false,NEVER,false,true,true,true,false,HIGH,false,true,59,HIGH,74,67,73,72,68,38,69,18,18,40
SYN-000952,PRIVATE,false,true,true,false,false,false,true,false,false,false,NEVER,true,true,true,true,false,HIGH,true,true,50,HIGH,17,73,33,37,17,80,71,70,72,34
SYN-000953,FRIENDS_ONLY,false,false,false,true,false,false,false,false,false,false,SOMETIMES,false,true,true,true,true,HIGH,false,false,56,HIGH,74,66,33,73,84,40,35,0,73,74
SYN-000954,NOT_SURE,true,false,false,true,false,false,true,false,false,false,NEVER,true,true,false,true,true,MEDIUM,false,true,40,MODERATE,76,37,33,77,17,0,38,38,38,17
SYN-000955,PRIVATE,false,false,false,false,false,false,false,false,false,false,NEVER,true,true,false,false,false,MEDIUM,true,true,37,MODERATE,17,16,33,38,0,35,75,18,70,70
SYN-000956,PRIVATE,true,false,false,false,false,false,true,true,false,true,OFTEN,true,false,true,false,false,HIGH,true,true,64,HIGH,74,36,70,70,72,75,68,85,70,17
SYN-000957,PRIVATE,true,false,true,false,true,false,false,true,false,false,NEVER,true,true,true,true,false,UNKNOWN,false,true,56,HIGH,36,71,20,70,68,73,69,0,73,70
SYN-000958,FRIENDS_ONLY,false,false,false,false,false,true,false,false,false,true,OFTEN,false,false,false,false,false,HIGH,true,true,52,HIGH,38,67,70,78,68,40,40,35,37,0
SYN-000959,PRIVATE,false,true,false,true,false,true,false,false,false,false,RARELY,true,true,false,true,false,HIGH,true,false,52,HIGH,17,74,43,70,82,0,40,70,75,19
SYN-000960,NOT_SURE,false,false,false,false,false,false,false,false,false,false,SOMETIMES,true,true,false,false,false,HIGH,true,true,37,MODERATE,70,16,35,17,76,80,38,0,33,0
SYN-000961,PRIVATE,false,false,false,false,false,false,false,false,false,true,OFTEN,false,true,true,false,false,MEDIUM,false,true,42,HIGH,34,0,67,72,70,18,35,73,33,34
SYN-000962,PRIVATE,true,false,false,false,true,false,false,true,false,false,NEVER,true,true,false,true,false,HIGH,false,true,50,HIGH,68,71,17,73,34,70,70,0,33,38
SYN-000963,FRIENDS_ONLY,false,false,false,true,false,false,false,false,false,false,NOT_SURE,false,true,true,true,true,HIGH,false,false,46,HIGH,36,66,33,22,38,38,78,0,40,80
SYN-000964,PRIVATE,false,true,false,true,false,false,false,false,false,false,NEVER,true,true,false,false,false,HIGH,true,false,41,HIGH,0,36,37,38,36,40,73,18,70,36
SYN-000965,PRIVATE,false,true,true,true,false,false,true,true,false,false,NEVER,true,true,true,false,false,LOW,false,true,56,HIGH,74,77,42,67,38,18,39,35,77,72
SYN-000966,PRIVATE,false,false,false,false,false,false,false,false,true,false,NOT_SURE,true,true,true,true,false,HIGH,false,false,52,HIGH,34,18,70,72,36,20,71,35,68,80
SYN-000967,NOT_SURE,false,false,false,false,false,false,false,false,false,false,NEVER,true,true,false,true,false,MEDIUM,true,true,46,HIGH,40,34,70,68,78,0,35,35,33,34
SYN-000968,PRIVATE,false,false,false,false,false,true,false,false,true,false,NEVER,true,false,true,true,true,HIGH,false,true,47,HIGH,17,37,75,73,17,38,68,73,0,70
SYN-000969,PRIVATE,false,false,true,false,false,false,true,false,false,false,OFTEN,false,false,false,true,true,HIGH,true,false,52,HIGH,36,71,33,17,76,95,73,40,42,36
SYN-000970,PRIVATE,false,false,false,true,false,false,false,false,false,false,NEVER,false,true,false,true,false,HIGH,false,true,46,HIGH,36,36,38,68,72,18,71,35,18,34
SYN-000971,FRIENDS_ONLY,false,false,false,false,false,false,false,true,false,false,NOT_SURE,true,true,true,false,true,UNKNOWN,true,false,34,MODERATE,36,0,0,75,78,0,39,70,38,34
SYN-000972,PRIVATE,false,false,false,true,false,true,true,false,false,true,NEVER,false,false,false,false,true,LOW,true,false,51,HIGH,34,71,80,35,17,38,39,70,68,38
SYN-000973,FRIENDS_ONLY,true,true,false,true,false,true,true,false,false,true,SOMETIMES,false,true,true,true,false,HIGH,false,false,60,HIGH,74,77,40,70,76,35,65,0,75,38
SYN-000974,PRIVATE,false,false,true,true,false,false,false,false,false,false,OFTEN,true,true,true,true,true,UNKNOWN,true,true,47,HIGH,0,34,70,73,76,18,79,20,20,17
SYN-000975,PRIVATE,false,false,true,false,true,true,true,false,true,true,RARELY,true,false,true,true,false,MEDIUM,false,false,55,HIGH,72,76,37,70,19,75,70,35,37,40
SYN-000976,FRIENDS_ONLY,true,false,false,true,false,false,false,true,false,false,SOMETIMES,true,true,false,true,false,HIGH,true,false,59,HIGH,38,66,77,73,34,0,68,38,77,68
SYN-000977,PRIVATE,false,false,false,true,true,false,false,false,false,true,NEVER,false,true,false,true,false,HIGH,true,true,50,HIGH,38,33,40,70,68,40,76,70,37,19
SYN-000978,FRIENDS_ONLY,true,false,false,true,true,false,false,false,false,true,NEVER,true,false,true,true,false,LOW,true,false,50,HIGH,38,73,73,72,34,40,16,40,68,19
SYN-000979,PRIVATE,false,true,false,false,false,false,false,false,false,true,SOMETIMES,false,false,true,false,false,MEDIUM,false,false,56,HIGH,34,36,70,77,72,80,18,90,83,38
SYN-000980,PRIVATE,false,false,false,false,false,false,true,false,true,false,NEVER,false,false,true,true,false,MEDIUM,true,false,37,MODERATE,0,36,38,70,34,80,16,38,40,70
SYN-000981,FRIENDS_ONLY,false,false,false,false,false,false,false,false,false,false,NEVER,false,true,true,true,false,HIGH,false,true,37,MODERATE,74,0,73,33,68,40,16,18,18,34
SYN-000982,NOT_SURE,false,true,false,false,false,false,false,false,false,true,NEVER,true,false,false,true,true,UNKNOWN,true,true,65,HIGH,38,66,77,75,34,75,70,80,70,72
SYN-000983,PRIVATE,false,false,false,true,false,false,false,false,false,false,SOMETIMES,true,true,false,true,false,HIGH,true,true,43,HIGH,38,0,67,35,36,0,71,35,67,68
SYN-000984,NOT_SURE,true,false,false,false,false,false,false,false,true,false,NEVER,false,true,false,false,false,LOW,true,true,51,HIGH,38,33,67,42,36,73,68,40,72,34
SYN-000985,FRIENDS_ONLY,false,false,true,false,false,false,false,false,false,false,NEVER,false,true,false,false,false,HIGH,true,false,55,HIGH,38,33,75,70,68,80,35,38,68,72
SYN-000986,PRIVATE,false,false,false,false,false,false,true,false,false,false,NEVER,true,false,false,false,true,HIGH,true,true,56,HIGH,72,34,68,73,72,0,73,78,40,0
SYN-000987,PRIVATE,false,false,false,false,false,true,false,false,false,false,SOMETIMES,true,false,false,true,true,HIGH,true,false,52,HIGH,36,33,35,70,38,35,75,70,68,78
SYN-000988,PUBLIC,false,true,false,true,true,false,false,false,true,false,OFTEN,true,true,false,false,false,HIGH,false,true,47,HIGH,74,36,37,17,72,35,39,35,68,68
SYN-000989,PRIVATE,true,true,false,false,false,true,false,false,false,true,NEVER,false,true,true,true,false,HIGH,false,false,43,HIGH,0,74,72,33,17,38,35,0,70,42
SYN-000990,PRIVATE,true,true,false,false,false,true,false,true,true,false,SOMETIMES,true,false,true,true,false,HIGH,false,true,46,HIGH,72,76,35,87,34,0,18,85,17,34
SYN-000991,PRIVATE,false,false,false,false,false,false,false,false,false,false,NEVER,true,false,false,true,false,HIGH,false,false,36,MODERATE,17,16,17,37,34,35,76,78,17,74
SYN-000992,PRIVATE,true,false,false,false,false,false,false,true,true,true,NEVER,true,true,true,true,false,HIGH,true,false,41,HIGH,40,36,75,42,0,0,70,40,17,34
SYN-000993,FRIENDS_ONLY,false,false,false,false,true,false,false,false,false,false,SOMETIMES,true,false,true,false,false,HIGH,true,false,49,HIGH,38,66,33,73,38,35,35,38,70,74
SYN-000994,PRIVATE,false,false,false,false,true,false,false,false,false,false,RARELY,true,false,true,false,false,HIGH,true,true,36,MODERATE,40,69,0,17,72,0,39,75,35,0
SYN-000995,PRIVATE,false,true,true,false,false,false,false,false,false,false,NEVER,false,true,true,true,true,UNKNOWN,false,false,39,MODERATE,0,70,35,17,17,73,34,75,35,78
SYN-000996,PRIVATE,true,true,true,true,true,false,false,true,true,false,NEVER,true,true,false,true,false,HIGH,true,true,56,HIGH,34,77,37,72,68,40,69,0,77,36
SYN-000997,PRIVATE,false,false,false,true,false,false,false,false,false,true,SOMETIMES,false,true,false,true,false,HIGH,true,false,39,MODERATE,38,0,42,73,42,40,34,0,70,72
SYN-000998,PRIVATE,false,false,false,false,false,false,true,true,false,false,NEVER,false,false,false,true,true,HIGH,false,true,46,HIGH,42,37,17,78,38,38,71,43,33,76
SYN-000999,PRIVATE,false,false,false,false,false,false,false,false,true,false,SOMETIMES,true,true,false,false,false,HIGH,false,false,48,HIGH,68,18,70,37,72,45,70,35,0,44
SYN-001000,FRIENDS_ONLY,true,true,true,false,false,false,true,true,false,false,NEVER,false,true,true,false,true,HIGH,true,true,52,HIGH,76,80,67,37,0,80,36,0,72,34
SYN-001001,PRIVATE,true,true,false,false,true,false,false,false,false,true,NEVER,true,true,true,false,false,HIGH,false,true,57,HIGH,68,41,72,35,70,35,70,20,75,44
SYN-001002,PRIVATE,false,false,false,true,false,false,false,false,true,false,OFTEN,true,true,true,false,false,HIGH,true,false,44,HIGH,17,34,40,68,80,38,70,18,17,34
SYN-001003,PRIVATE,true,true,false,true,false,true,true,false,true,false,SOMETIMES,false,false,true,true,false,HIGH,true,true,51,HIGH,80,74,37,37,44,40,35,48,68,38
SYN-001004,PRIVATE,false,true,false,false,false,false,false,true,true,true,NEVER,true,true,false,false,false,HIGH,true,true,65,HIGH,70,66,78,80,70,18,74,40,33,74
SYN-001005,FRIENDS_ONLY,false,false,false,false,false,false,false,true,false,false,NEVER,true,true,true,false,false,HIGH,true,true,43,HIGH,74,16,33,77,36,73,35,35,18,80
SYN-001006,PRIVATE,true,false,false,false,false,false,false,false,false,false,SOMETIMES,true,true,false,false,false,HIGH,true,false,56,HIGH,72,69,68,68,38,18,70,18,17,74
SYN-001007,PRIVATE,false,false,false,false,false,false,true,false,false,false,OFTEN,true,false,true,true,false,HIGH,true,true,39,MODERATE,17,39,70,18,86,35,16,45,18,40
SYN-001008,NOT_SURE,false,false,false,false,false,true,false,false,false,false,SOMETIMES,false,true,true,true,false,HIGH,false,false,58,HIGH,42,67,72,67,42,40,68,18,70,40
SYN-001009,PRIVATE,false,false,false,false,false,false,true,false,true,true,OFTEN,true,true,true,true,true,HIGH,true,true,56,HIGH,17,66,75,35,78,38,74,40,33,68
SYN-001010,PRIVATE,true,false,true,true,true,false,false,true,false,false,NEVER,true,true,true,false,false,HIGH,false,true,48,HIGH,38,71,77,72,0,0,36,70,37,40
SYN-001011,FRIENDS_ONLY,true,false,false,true,false,false,false,false,false,false,NEVER,true,true,true,true,false,HIGH,false,false,52,HIGH,76,69,70,67,0,40,35,40,68,21
SYN-001012,PRIVATE,false,false,true,true,false,false,false,true,false,false,NEVER,false,true,true,false,false,HIGH,false,false,51,HIGH,38,66,37,40,76,40,70,38,33,42
SYN-001013,PRIVATE,false,false,false,false,false,false,false,true,false,false,NEVER,true,true,false,true,true,LOW,false,true,46,HIGH,34,18,0,80,68,20,74,35,80,68
SYN-001014,NOT_SURE,false,true,true,true,false,true,true,false,false,false,NEVER,true,true,false,true,false,HIGH,false,false,49,HIGH,90,74,33,0,38,75,69,0,37,38
SYN-001015,PRIVATE,false,true,false,true,false,false,false,true,false,false,NEVER,true,true,true,false,true,HIGH,true,true,53,HIGH,0,34,80,80,68,35,68,43,73,0
SYN-001016,PUBLIC,false,false,false,false,false,false,false,false,false,false,NEVER,true,true,false,false,true,HIGH,true,true,43,HIGH,72,18,0,70,17,0,79,70,70,34
SYN-001017,PRIVATE,false,true,false,false,false,false,true,true,false,false,OFTEN,true,true,true,true,false,HIGH,true,true,52,HIGH,36,76,33,73,70,35,69,0,38,34
SYN-001018,PUBLIC,true,false,false,false,false,true,true,true,false,false,SOMETIMES,true,true,false,true,false,HIGH,true,true,45,HIGH,76,74,35,33,38,0,71,35,18,0
SYN-001019,PRIVATE,true,false,false,true,false,true,false,false,false,false,NEVER,false,true,true,true,false,HIGH,true,true,42,HIGH,0,39,73,37,38,38,34,75,68,0
SYN-001020,PRIVATE,false,false,false,true,false,false,false,false,true,true,RARELY,false,true,true,false,false,HIGH,false,true,53,HIGH,17,18,83,78,40,20,74,73,70,36
SYN-001021,PRIVATE,false,false,false,true,false,false,false,false,false,false,SOMETIMES,true,true,false,true,false,HIGH,false,true,50,HIGH,38,16,72,33,42,80,69,0,70,76
SYN-001022,PRIVATE,true,false,false,false,false,false,true,false,false,false,NEVER,true,true,false,true,false,HIGH,true,false,52,HIGH,17,70,73,0,36,70,68,18,67,70
SYN-001023,PRIVATE,false,false,false,false,false,false,false,false,true,false,SOMETIMES,true,false,true,false,false,HIGH,true,false,33,MODERATE,0,18,40,35,38,75,40,38,18,80
SYN-001024,PRIVATE,false,false,false,false,false,false,false,false,false,false,NEVER,false,false,true,false,true,LOW,true,false,44,HIGH,68,16,17,35,70,18,76,35,70,17
SYN-001025,NOT_SURE,false,false,false,false,true,false,false,false,false,false,NOT_SURE,true,false,false,true,false,HIGH,true,false,50,HIGH,38,70,33,33,36,35,71,78,67,17
SYN-001026,NOT_SURE,false,false,false,true,false,false,false,false,false,false,NEVER,true,false,false,false,true,HIGH,true,false,43,HIGH,40,0,37,0,72,38,75,80,75,34
SYN-001027,FRIENDS_ONLY,false,false,true,false,false,false,false,false,false,false,NEVER,true,true,true,false,false,HIGH,true,false,40,MODERATE,38,39,35,38,36,73,35,0,73,38
SYN-001028,PRIVATE,false,true,false,false,true,false,true,true,false,true,OFTEN,true,true,true,true,true,MEDIUM,false,false,61,HIGH,70,39,67,72,78,40,69,20,73,42
SYN-001029,PRIVATE,false,false,false,false,false,true,true,false,true,false,NEVER,true,true,true,true,false,MEDIUM,true,false,50,HIGH,68,37,70,33,70,43,18,70,42,80
SYN-001030,NOT_SURE,false,false,true,true,true,false,false,false,true,false,NOT_SURE,true,false,true,true,false,LOW,true,false,52,HIGH,70,41,37,70,36,18,69,43,73,34
SYN-001031,FRIENDS_ONLY,false,false,false,false,true,false,true,false,false,true,NEVER,true,false,false,false,false,LOW,true,false,54,HIGH,36,39,37,37,74,40,73,85,68,70
SYN-001032,PRIVATE,false,false,false,false,false,false,false,false,false,false,OFTEN,true,true,true,false,false,HIGH,false,false,42,HIGH,68,18,33,35,76,73,38,35,35,44
SYN-001033,PRIVATE,false,false,false,false,false,false,false,true,true,false,NOT_SURE,true,false,true,true,true,HIGH,true,false,52,HIGH,76,18,75,40,74,75,68,38,18,36
SYN-001034,PRIVATE,true,false,true,false,false,true,false,true,false,false,RARELY,false,true,false,false,false,MEDIUM,true,true,55,HIGH,72,76,73,37,36,38,70,35,40,0
SYN-001035,PRIVATE,true,false,false,false,false,false,true,false,false,false,SOMETIMES,true,true,false,true,false,HIGH,false,false,49,HIGH,34,73,72,67,34,70,18,0,33,80
SYN-001036,PRIVATE,true,false,false,false,true,true,false,false,false,false,NEVER,true,true,true,false,false,HIGH,true,true,57,HIGH,78,40,17,67,68,73,73,35,68,76
SYN-001037,FRIENDS_ONLY,false,false,true,true,false,false,false,true,false,false,NOT_SURE,true,true,true,false,false,MEDIUM,true,true,55,HIGH,42,34,70,33,70,18,75,35,72,68
SYN-001038,NOT_SURE,true,false,false,false,true,false,true,false,false,false,NEVER,false,true,true,true,false,MEDIUM,true,false,44,HIGH,19,74,17,37,38,35,68,0,72,38
SYN-001039,PRIVATE,true,false,false,true,true,true,true,false,false,false,OFTEN,true,false,true,true,false,HIGH,false,false,46,HIGH,38,74,33,67,72,0,18,73,38,36
SYN-001040,PRIVATE,false,true,false,false,true,false,true,true,true,false,OFTEN,false,false,false,true,false,LOW,true,false,52,HIGH,17,41,70,80,72,18,21,73,73,70
SYN-001041,PRIVATE,false,false,false,false,false,false,false,false,false,true,NEVER,false,false,true,true,true,HIGH,true,true,40,MODERATE,34,18,68,33,36,48,70,18,20,19
SYN-001042,FRIENDS_ONLY,false,true,true,true,false,false,false,false,false,false,NEVER,true,false,true,false,false,HIGH,true,false,47,HIGH,38,41,70,20,68,80,36,45,37,40
SYN-001043,PRIVATE,false,false,true,false,false,true,false,false,true,true,NEVER,true,true,false,true,true,LOW,true,true,53,HIGH,40,73,77,38,0,23,75,75,67,0
SYN-001044,PRIVATE,true,false,false,false,false,false,false,false,true,false,NEVER,false,true,false,false,true,LOW,true,true,52,HIGH,17,71,70,35,34,18,76,35,73,17
SYN-001045,FRIENDS_ONLY,false,false,false,false,false,false,true,false,false,true,NEVER,false,true,true,false,false,HIGH,true,true,54,HIGH,80,36,67,68,0,75,74,70,20,72
SYN-001046,PRIVATE,false,false,true,false,false,false,false,false,false,true,NOT_SURE,false,true,false,true,true,LOW,false,false,47,HIGH,36,33,33,70,70,35,38,35,67,78
SYN-001047,PRIVATE,true,false,false,true,true,true,false,false,false,false,NEVER,true,false,false,false,true,UNKNOWN,true,false,61,HIGH,72,73,37,68,80,18,81,80,38,36
SYN-001048,FRIENDS_ONLY,false,false,false,true,false,false,false,false,false,true,SOMETIMES,false,false,true,true,false,MEDIUM,false,true,44,HIGH,80,21,40,0,38,20,71,18,72,72
SYN-001049,NOT_SURE,false,false,false,false,false,false,false,false,false,true,NEVER,true,false,true,true,true,HIGH,false,true,43,HIGH,72,0,33,17,72,35,74,75,37,34
SYN-001050,FRIENDS_ONLY,true,false,false,false,false,false,false,false,false,true,SOMETIMES,false,true,true,false,true,HIGH,false,true,56,HIGH,40,34,78,70,38,78,79,18,73,17
SYN-001051,FRIENDS_ONLY,false,true,false,false,false,false,false,false,false,false,NEVER,true,true,true,true,false,HIGH,false,false,50,HIGH,78,37,38,72,36,0,65,70,33,78
SYN-001052,PRIVATE,true,false,false,false,false,true,false,false,false,true,SOMETIMES,true,true,true,true,false,HIGH,false,false,47,HIGH,72,73,40,77,34,18,0,75,35,74
SYN-001053,FRIENDS_ONLY,false,false,true,false,true,false,true,false,false,false,NOT_SURE,true,true,true,true,false,HIGH,false,false,49,HIGH,42,76,18,73,17,0,74,70,33,76
SYN-001054,NOT_SURE,false,false,true,false,false,true,false,false,true,false,NEVER,true,true,false,true,false,HIGH,true,false,36,MODERATE,21,77,38,0,76,40,20,20,17,36
SYN-001055,NOT_SURE,false,false,false,false,true,false,true,false,false,false,NEVER,false,false,true,false,true,HIGH,true,false,52,HIGH,19,70,35,33,74,38,79,85,35,38
SYN-001056,NOT_SURE,true,true,false,true,false,true,false,true,true,false,NEVER,true,true,false,false,true,HIGH,true,false,54,HIGH,36,81,72,75,17,0,44,75,38,76
SYN-001057,PRIVATE,false,true,false,false,true,false,false,false,false,false,NEVER,true,false,true,true,false,HIGH,false,false,48,HIGH,76,73,37,33,68,35,35,18,38,38
SYN-001058,FRIENDS_ONLY,false,true,true,false,false,false,true,false,false,false,NEVER,false,true,true,true,false,HIGH,false,true,42,HIGH,36,76,37,17,68,35,34,18,37,38
SYN-001059,PRIVATE,false,false,false,true,true,false,true,true,false,true,RARELY,true,false,true,true,false,HIGH,false,true,49,HIGH,34,37,77,68,74,18,34,35,33,72
SYN-001060,PRIVATE,true,true,true,false,false,false,false,false,false,false,NEVER,false,true,true,true,true,HIGH,true,false,49,HIGH,68,43,37,70,36,75,34,0,70,68
SYN-001061,NOT_SURE,false,false,false,false,false,false,false,false,false,false,SOMETIMES,false,true,true,false,false,UNKNOWN,false,false,47,HIGH,38,18,68,68,76,35,34,35,37,80
SYN-001062,PRIVATE,false,false,false,false,false,false,true,false,false,false,NEVER,true,true,true,true,true,MEDIUM,true,true,35,MODERATE,34,33,17,18,36,0,69,18,37,68
SYN-001063,PRIVATE,false,false,false,false,false,false,false,false,false,true,NEVER,true,false,true,false,true,HIGH,false,true,43,HIGH,72,19,38,37,34,35,39,38,68,74
SYN-001064,PRIVATE,false,false,true,false,false,true,true,false,false,false,SOMETIMES,true,false,true,false,true,HIGH,false,false,37,MODERATE,21,39,17,72,72,0,36,45,33,19
SYN-001065,PRIVATE,false,true,true,false,false,false,false,false,false,false,NEVER,false,false,true,false,true,HIGH,false,false,46,HIGH,17,73,33,0,38,78,73,85,17,72
SYN-001066,NOT_SURE,false,false,false,false,false,false,false,false,true,false,SOMETIMES,false,true,false,true,false,LOW,false,true,53,HIGH,74,36,70,37,34,80,38,43,68,76
SYN-001067,PRIVATE,true,false,false,false,true,true,true,true,true,false,RARELY,true,true,true,false,false,HIGH,true,false,50,HIGH,36,77,35,73,78,38,35,35,33,40
SYN-001068,PRIVATE,true,false,false,false,false,true,true,true,false,false,NEVER,true,true,true,false,true,HIGH,true,true,43,HIGH,0,40,37,73,38,35,75,0,38,68
SYN-001069,PRIVATE,false,false,true,false,false,false,false,false,false,true,NOT_SURE,true,false,true,false,false,HIGH,true,false,58,HIGH,82,69,67,17,72,18,68,73,37,40
SYN-001070,NOT_SURE,false,false,false,false,false,false,false,false,false,true,NOT_SURE,true,false,true,true,true,HIGH,false,true,51,HIGH,40,66,75,35,36,70,34,38,67,36
SYN-001071,PRIVATE,false,true,false,false,false,false,false,false,false,false,SOMETIMES,false,true,true,false,false,MEDIUM,false,true,42,HIGH,34,36,33,35,78,20,34,0,73,76
SYN-001072,PUBLIC,true,false,false,true,false,true,false,true,false,false,SOMETIMES,true,true,false,false,false,HIGH,false,true,56,HIGH,76,37,75,78,40,0,71,0,72,38
SYN-001073,PRIVATE,false,false,true,false,false,false,false,false,true,true,NOT_SURE,true,true,true,true,false,HIGH,false,true,58,HIGH,68,36,70,68,72,70,34,75,73,34
SYN-001074,PRIVATE,false,true,false,false,false,true,false,false,true,false,RARELY,false,false,true,false,false,HIGH,false,false,53,HIGH,74,36,68,40,19,50,68,83,37,76
SYN-001075,FRIENDS_ONLY,false,false,true,true,false,false,true,false,false,false,SOMETIMES,false,true,false,true,false,HIGH,true,false,53,HIGH,34,39,73,75,42,43,73,0,38,76
SYN-001076,PRIVATE,false,false,false,true,true,false,false,false,false,false,NEVER,true,true,false,true,false,MEDIUM,false,false,58,HIGH,72,70,68,0,68,70,70,35,38,78
SYN-001077,PRIVATE,false,false,false,false,false,true,false,false,false,false,NEVER,true,true,true,true,false,HIGH,true,true,38,MODERATE,36,70,17,72,36,40,16,18,33,38
SYN-001078,PRIVATE,false,true,false,false,true,false,false,false,false,true,NEVER,true,true,false,false,false,HIGH,false,true,46,HIGH,36,37,37,72,74,35,73,0,0,82
SYN-001079,PRIVATE,true,false,false,true,false,true,true,false,false,false,NEVER,true,true,false,true,false,MEDIUM,false,false,54,HIGH,34,74,33,70,72,38,70,20,45,44
SYN-001080,PRIVATE,false,true,false,true,false,false,false,false,true,true,SOMETIMES,true,false,true,true,false,HIGH,false,false,48,HIGH,34,66,43,37,34,75,66,85,0,72
SYN-001081,PRIVATE,false,false,false,true,false,false,false,true,true,false,NEVER,false,true,true,true,false,HIGH,true,false,58,HIGH,34,16,82,73,68,38,66,70,67,80
SYN-001082,FRIENDS_ONLY,false,false,false,false,true,false,true,false,false,false,NEVER,false,false,false,false,false,MEDIUM,true,true,53,HIGH,84,71,68,33,40,18,39,75,42,36
SYN-001083,PRIVATE,true,false,true,false,false,false,false,false,false,false,NEVER,true,false,true,false,false,HIGH,true,false,52,HIGH,34,73,0,73,80,70,40,20,73,84
SYN-001084,PRIVATE,false,false,false,true,false,false,false,true,false,false,OFTEN,true,false,true,false,true,LOW,false,false,57,HIGH,40,16,37,70,76,75,76,78,77,74
SYN-001085,NOT_SURE,false,false,false,false,true,false,true,true,false,true,OFTEN,false,true,true,true,false,HIGH,true,false,52,HIGH,19,76,70,40,74,40,34,35,35,80
SYN-001086,PRIVATE,false,true,true,true,true,false,false,false,false,true,NEVER,true,true,true,false,true,HIGH,true,true,48,HIGH,68,80,78,0,38,0,40,40,38,40
SYN-001087,FRIENDS_ONLY,false,false,false,false,false,false,false,false,false,false,NEVER,true,true,true,false,true,HIGH,true,true,37,MODERATE,44,0,33,37,36,70,76,80,17,0
SYN-001088,PRIVATE,false,true,false,true,false,true,false,false,true,false,NEVER,true,false,false,true,true,HIGH,false,false,45,HIGH,76,69,38,37,38,70,36,18,17,42
SYN-001089,NOT_SURE,false,false,false,false,false,true,false,false,true,false,NEVER,true,true,true,false,false,LOW,true,false,61,HIGH,78,70,70,70,17,45,68,38,75,38
SYN-001090,PRIVATE,false,false,false,false,false,true,true,true,false,true,NEVER,true,true,true,true,false,HIGH,true,false,36,MODERATE,36,37,37,78,72,0,0,35,35,17
SYN-001091,PRIVATE,false,true,false,false,false,false,false,true,false,false,NEVER,false,false,true,true,false,HIGH,true,false,46,HIGH,34,69,37,73,19,38,68,43,17,36
SYN-001092,PRIVATE,false,false,false,true,false,false,false,false,false,false,NEVER,true,true,true,true,false,HIGH,true,false,54,HIGH,78,16,40,40,68,38,68,78,70,86
SYN-001093,FRIENDS_ONLY,false,false,false,false,true,false,false,false,false,false,SOMETIMES,true,true,true,false,false,HIGH,true,true,44,HIGH,34,34,17,68,36,18,66,35,82,36
SYN-001094,FRIENDS_ONLY,false,false,false,false,false,true,false,false,true,false,NEVER,true,false,false,false,true,HIGH,true,true,39,MODERATE,38,33,37,42,38,0,70,45,18,34
SYN-001095,NOT_SURE,false,true,false,false,false,false,false,false,false,true,RARELY,true,false,false,false,true,MEDIUM,false,true,54,HIGH,74,34,72,72,36,18,36,85,70,42
SYN-001096,PUBLIC,false,false,false,true,false,true,false,false,false,false,SOMETIMES,true,false,false,false,false,HIGH,false,true,50,HIGH,70,36,68,37,34,0,74,73,17,76
SYN-001097,FRIENDS_ONLY,false,false,false,false,false,false,false,false,false,false,NEVER,true,true,true,false,false,LOW,true,true,54,HIGH,42,16,75,70,17,75,74,70,70,34
SYN-001098,PRIVATE,true,false,false,true,true,false,true,false,false,false,NEVER,true,false,true,true,false,UNKNOWN,true,true,54,HIGH,40,71,70,33,34,35,68,85,38,38
SYN-001099,PUBLIC,true,true,true,false,false,false,false,false,true,false,NEVER,false,true,true,true,false,HIGH,false,true,45,HIGH,72,76,33,37,34,73,36,35,18,44
SYN-001100,PRIVATE,false,false,true,false,false,false,false,false,false,true,NEVER,true,false,false,true,true,HIGH,false,true,50,HIGH,34,71,40,68,70,73,36,40,17,76
SYN-001101,PRIVATE,true,true,false,false,false,true,false,false,false,false,NOT_SURE,true,false,true,true,false,LOW,true,true,64,HIGH,36,79,70,70,72,70,33,75,82,68
SYN-001102,FRIENDS_ONLY,false,false,false,false,false,false,false,false,true,false,SOMETIMES,false,true,true,true,false,HIGH,true,false,44,HIGH,36,0,35,70,76,43,34,80,77,40
SYN-001103,FRIENDS_ONLY,false,false,false,false,true,false,false,false,false,true,NEVER,false,false,true,true,false,HIGH,false,false,54,HIGH,36,67,75,37,38,78,35,75,70,40
SYN-001104,FRIENDS_ONLY,true,false,true,false,false,false,false,false,false,false,NEVER,false,true,true,true,false,HIGH,true,false,57,HIGH,72,73,17,70,76,80,68,0,33,82
SYN-001105,PUBLIC,false,false,false,true,false,false,false,false,true,false,NEVER,false,true,true,false,true,HIGH,false,true,48,HIGH,68,0,75,38,68,40,76,40,33,19
SYN-001106,PRIVATE,true,false,false,true,true,true,true,false,false,false,RARELY,true,true,true,true,true,MEDIUM,true,false,57,HIGH,68,44,35,67,82,73,68,73,40,38
SYN-001107,PRIVATE,true,true,true,true,false,false,true,true,false,false,NOT_SURE,true,false,false,true,true,LOW,false,false,50,HIGH,34,44,37,37,72,18,71,35,75,46
SYN-001108,PRIVATE,true,false,false,true,false,false,false,false,false,false,NEVER,true,true,false,true,false,MEDIUM,true,true,41,HIGH,0,33,35,37,76,70,71,35,37,0
SYN-001109,PRIVATE,true,false,true,false,false,false,false,true,false,false,NEVER,true,true,false,false,false,LOW,true,true,61,HIGH,34,71,70,73,36,43,75,70,72,34
SYN-001110,PRIVATE,true,false,false,true,true,false,false,false,false,true,NEVER,false,true,true,false,false,MEDIUM,true,true,38,MODERATE,38,36,72,33,17,40,38,38,37,0
SYN-001111,PRIVATE,false,false,true,false,false,false,false,false,false,false,NEVER,true,true,true,true,false,LOW,true,true,37,MODERATE,17,37,18,40,34,75,38,0,70,68
SYN-001112,PRIVATE,true,true,false,true,false,true,false,true,true,false,SOMETIMES,true,true,true,true,false,HIGH,false,true,52,HIGH,34,71,42,90,72,0,34,75,35,68
SYN-001113,PRIVATE,true,true,true,false,false,false,false,false,false,false,NEVER,false,true,true,false,false,HIGH,false,false,53,HIGH,38,73,70,68,36,78,68,18,0,40
SYN-001114,PUBLIC,false,true,false,false,true,false,false,true,false,false,OFTEN,true,false,false,true,false,HIGH,true,false,53,HIGH,68,40,33,68,76,40,76,80,17,40
SYN-001115,PRIVATE,false,true,false,true,true,false,false,false,true,true,NEVER,true,false,true,false,false,HIGH,false,true,57,HIGH,70,69,75,18,34,0,70,75,72,34
SYN-001116,PRIVATE,false,true,false,false,false,false,false,false,false,true,SOMETIMES,true,false,false,true,true,MEDIUM,false,true,40,MODERATE,0,70,37,37,34,20,38,85,38,36
SYN-001117,PRIVATE,false,false,false,true,true,true,false,false,false,false,OFTEN,true,false,false,true,false,UNKNOWN,true,false,61,HIGH,76,73,73,35,72,0,70,40,42,80
SYN-001118,PRIVATE,true,false,false,false,false,false,false,false,true,false,RARELY,false,false,true,false,false,HIGH,true,true,65,HIGH,72,66,75,67,76,75,71,80,35,0
SYN-001119,PRIVATE,false,false,false,true,false,true,false,false,false,true,OFTEN,false,false,true,true,true,HIGH,true,false,60,HIGH,70,69,77,83,70,18,36,75,18,80
SYN-001120,FRIENDS_ONLY,true,false,false,true,true,false,false,false,false,true,OFTEN,true,true,false,true,false,HIGH,false,true,60,HIGH,36,71,70,67,68,35,71,0,75,36
SYN-001121,PRIVATE,false,false,true,false,false,false,true,false,false,false,NEVER,false,true,false,false,false,UNKNOWN,true,false,44,HIGH,0,69,37,22,19,75,36,70,75,70
SYN-001122,FRIENDS_ONLY,false,false,false,true,true,false,false,false,true,true,NEVER,true,false,false,true,true,HIGH,false,false,56,HIGH,46,69,77,35,76,35,73,73,0,40
SYN-001123,PRIVATE,false,true,true,false,false,false,false,false,true,true,NEVER,true,false,false,true,true,HIGH,true,false,43,HIGH,72,40,42,0,0,73,70,38,35,70
SYN-001124,PRIVATE,true,false,true,false,false,false,false,false,false,false,NEVER,true,true,false,false,true,HIGH,false,true,59,HIGH,80,69,73,33,19,35,75,70,68,17
SYN-001125,PRIVATE,true,false,false,false,false,true,false,false,true,false,NEVER,false,true,true,true,false,HIGH,false,false,60,HIGH,74,40,77,40,68,35,69,18,73,80
SYN-001126,PUBLIC,false,false,false,false,true,false,true,false,false,true,OFTEN,true,true,false,false,false,HIGH,true,true,59,HIGH,68,71,72,17,82,35,79,0,33,72
SYN-001127,PRIVATE,true,true,false,true,false,false,true,true,false,false,OFTEN,true,true,true,true,false,HIGH,true,true,50,HIGH,34,77,33,70,68,0,70,0,37,36
SYN-001128,PRIVATE,false,true,false,false,true,false,true,false,false,false,NEVER,false,false,true,true,true,LOW,false,true,56,HIGH,76,73,35,70,70,38,36,43,75,17
SYN-001129,FRIENDS_ONLY,false,false,false,true,false,false,false,false,false,false,NOT_SURE,true,false,true,false,false,HIGH,true,true,45,HIGH,38,36,72,0,36,18,70,80,38,34
SYN-001130,PRIVATE,false,true,false,false,false,true,false,false,false,false,SOMETIMES,false,true,true,false,false,HIGH,true,true,54,HIGH,36,71,35,77,46,45,74,40,73,0
SYN-001131,PRIVATE,false,false,false,false,false,false,false,false,true,false,NEVER,false,true,true,false,false,MEDIUM,false,false,45,HIGH,36,0,77,17,72,40,69,35,35,72
SYN-001132,PRIVATE,true,false,true,false,false,false,false,true,false,false,OFTEN,true,true,true,false,false,HIGH,false,false,45,HIGH,34,37,37,70,80,18,33,40,37,76
SYN-001133,PRIVATE,true,true,false,false,false,false,false,false,false,true,NEVER,false,true,false,false,false,MEDIUM,true,false,58,HIGH,0,69,73,38,84,80,75,18,70,34
SYN-001134,PRIVATE,false,false,false,false,false,false,false,false,false,true,NOT_SURE,false,false,true,true,true,HIGH,true,false,46,HIGH,36,34,37,75,38,40,70,78,33,17
SYN-001135,PRIVATE,false,true,false,false,true,false,false,false,false,false,NEVER,true,false,true,false,false,HIGH,false,false,61,HIGH,0,69,67,70,70,78,73,75,73,19
SYN-001136,NOT_SURE,false,false,false,false,false,true,false,false,false,true,NEVER,false,true,true,false,false,UNKNOWN,true,false,54,HIGH,72,33,72,67,70,90,39,40,35,38
SYN-001137,FRIENDS_ONLY,false,false,false,false,true,false,false,true,false,false,NEVER,false,true,false,true,false,HIGH,false,false,51,HIGH,42,33,68,40,36,80,73,0,73,42
SYN-001138,FRIENDS_ONLY,false,true,false,false,false,false,false,true,false,false,NEVER,true,true,false,false,false,HIGH,false,true,52,HIGH,72,33,37,78,74,0,69,0,73,19
SYN-001139,PRIVATE,false,false,true,true,true,false,false,false,false,false,SOMETIMES,true,true,true,false,false,MEDIUM,true,true,55,HIGH,34,71,73,67,40,70,66,18,40,17
SYN-001140,PRIVATE,false,true,false,false,false,false,false,false,false,false,NEVER,true,true,false,true,false,HIGH,false,true,35,MODERATE,72,70,0,17,0,35,16,35,83,36
SYN-001141,PRIVATE,false,false,false,false,false,true,false,true,false,true,NEVER,true,false,true,true,true,HIGH,true,true,34,MODERATE,44,37,33,78,36,0,36,40,0,0
SYN-001142,PRIVATE,false,true,true,false,false,true,false,false,true,false,NEVER,true,true,true,false,false,MEDIUM,true,false,44,HIGH,34,81,68,17,34,35,38,0,43,34
SYN-001143,PRIVATE,false,false,false,false,false,true,true,false,true,false,NEVER,true,false,true,true,false,LOW,false,true,48,HIGH,34,71,35,37,40,70,36,18,75,72
SYN-001144,FRIENDS_ONLY,true,true,false,false,false,false,false,false,false,false,NEVER,true,true,true,true,false,HIGH,true,true,51,HIGH,38,70,70,18,72,18,33,35,75,38
SYN-001145,PRIVATE,false,false,false,true,true,true,false,false,false,true,NEVER,true,true,false,true,false,HIGH,true,true,55,HIGH,70,76,37,33,40,73,73,70,20,74
SYN-001146,PRIVATE,false,false,false,false,false,true,false,true,false,false,NEVER,true,true,true,false,false,HIGH,true,true,36,MODERATE,17,36,17,67,68,0,36,35,37,34
SYN-001147,FRIENDS_ONLY,true,false,true,true,false,false,false,false,false,false,NOT_SURE,true,true,true,true,true,UNKNOWN,true,true,45,HIGH,44,70,75,37,21,0,36,70,40,0
SYN-001148,PRIVATE,false,false,false,true,false,true,false,true,false,false,SOMETIMES,false,false,true,true,true,HIGH,true,false,60,HIGH,68,67,77,77,34,40,40,35,70,72
SYN-001149,PRIVATE,false,false,false,false,false,false,false,false,false,false,NOT_SURE,true,true,false,false,false,MEDIUM,true,true,39,MODERATE,0,0,18,75,36,73,73,70,38,68
SYN-001150,PRIVATE,true,false,false,false,true,false,false,false,false,false,SOMETIMES,true,true,false,true,false,MEDIUM,true,true,41,HIGH,38,71,18,18,36,35,70,18,35,36
SYN-001151,FRIENDS_ONLY,false,true,false,false,false,false,false,true,false,false,NEVER,false,true,false,false,true,UNKNOWN,true,true,40,MODERATE,40,33,17,73,0,38,75,38,40,34
SYN-001152,PRIVATE,false,false,false,true,true,false,true,false,true,false,NEVER,true,true,true,true,false,MEDIUM,true,false,59,HIGH,42,74,73,40,38,70,70,85,35,72
SYN-001153,PRIVATE,false,false,false,false,false,true,false,false,false,false,OFTEN,false,false,false,true,false,HIGH,false,false,49,HIGH,72,34,0,78,70,70,39,75,75,21
SYN-001154,PRIVATE,false,false,true,true,true,false,false,true,true,false,NEVER,false,false,true,true,false,HIGH,false,false,49,HIGH,0,37,73,75,38,75,18,90,67,78
SYN-001155,PRIVATE,true,false,false,false,true,false,false,false,false,false,NEVER,true,false,false,false,true,HIGH,false,true,45,HIGH,17,70,38,18,84,18,74,18,33,19
SYN-001156,PRIVATE,false,false,true,true,false,false,false,true,true,false,NEVER,false,true,true,true,false,HIGH,false,true,56,HIGH,74,34,80,38,34,40,70,70,72,17
SYN-001157,PRIVATE,false,true,false,true,false,false,false,false,false,true,NEVER,true,true,true,false,true,HIGH,true,true,55,HIGH,19,71,77,17,40,18,70,70,70,74
SYN-001158,PUBLIC,false,false,true,false,false,false,false,true,true,false,NEVER,false,true,false,false,true,HIGH,true,false,70,HIGH,80,67,70,67,68,45,79,75,78,42
SYN-001159,PRIVATE,false,false,false,false,false,false,false,false,false,false,NEVER,true,true,true,false,false,MEDIUM,false,false,38,MODERATE,21,16,38,67,0,35,74,0,37,84
SYN-001160,PRIVATE,false,true,false,false,false,true,false,false,false,true,NEVER,true,true,true,true,false,MEDIUM,true,false,59,HIGH,36,76,77,67,34,0,65,83,77,17
SYN-001161,PRIVATE,false,false,false,false,false,true,true,false,false,false,NEVER,true,true,true,false,true,HIGH,false,false,46,HIGH,36,39,0,73,80,0,78,18,70,38
SYN-001162,PRIVATE,false,false,true,false,false,false,true,false,false,false,SOMETIMES,true,true,true,true,false,HIGH,false,true,52,HIGH,34,36,68,67,36,70,70,0,72,38
SYN-001163,PRIVATE,false,true,false,false,false,true,false,true,false,false,SOMETIMES,true,true,true,false,false,HIGH,false,true,38,MODERATE,0,71,17,35,82,35,38,18,38,17
SYN-001164,PRIVATE,true,false,false,false,true,false,false,false,true,true,SOMETIMES,false,true,false,true,false,HIGH,true,false,56,HIGH,72,70,77,33,38,40,69,43,33,36
SYN-001165,PRIVATE,false,false,true,false,true,false,true,false,false,false,NEVER,true,false,false,true,true,MEDIUM,true,true,54,HIGH,74,74,17,35,0,70,76,80,70,74
SYN-001166,PRIVATE,false,false,true,false,false,false,false,true,false,false,NEVER,false,true,true,true,false,HIGH,true,false,59,HIGH,78,69,68,43,34,85,36,35,75,72
SYN-001167,NOT_SURE,false,false,false,false,false,false,false,false,false,false,NEVER,true,false,true,true,false,HIGH,true,false,35,MODERATE,36,19,17,70,38,90,18,40,37,36
SYN-001168,PRIVATE,false,false,false,true,false,false,false,false,false,false,NOT_SURE,true,true,true,false,false,HIGH,false,false,47,HIGH,17,67,77,17,70,0,34,70,42,38
SYN-001169,PRIVATE,false,false,false,false,false,false,false,true,true,false,NEVER,true,true,false,true,false,MEDIUM,true,true,53,HIGH,38,67,72,37,17,73,69,70,40,36
SYN-001170,NOT_SURE,true,true,false,false,false,true,false,false,false,false,RARELY,true,true,true,false,false,HIGH,true,false,55,HIGH,70,74,72,38,17,18,38,70,72,72
SYN-001171,PRIVATE,true,false,false,false,false,true,true,true,true,false,NEVER,true,true,true,true,false,HIGH,false,true,56,HIGH,70,73,68,72,0,35,38,73,75,36
SYN-001172,PRIVATE,false,false,false,false,false,false,false,true,true,false,OFTEN,false,false,true,true,false,HIGH,true,false,57,HIGH,17,18,78,67,78,83,71,83,38,76
SYN-001173,PRIVATE,false,false,false,true,true,false,false,false,false,false,OFTEN,false,false,false,false,false,HIGH,false,false,61,HIGH,36,36,72,70,78,83,70,73,35,82
SYN-001174,FRIENDS_ONLY,false,false,false,false,false,false,false,true,false,false,NEVER,false,true,true,true,false,HIGH,true,true,49,HIGH,74,18,37,73,72,70,66,0,42,34
SYN-001175,PRIVATE,true,true,false,false,false,false,false,false,false,false,NEVER,true,true,true,false,false,MEDIUM,false,true,44,HIGH,0,73,17,35,0,40,70,38,83,76
SYN-001176,PRIVATE,false,true,true,true,true,false,true,false,false,false,NEVER,true,true,false,true,true,MEDIUM,true,true,56,HIGH,38,79,67,70,17,35,69,0,77,36
SYN-001177,PRIVATE,false,true,true,false,false,false,true,true,true,false,SOMETIMES,false,true,false,false,false,HIGH,true,true,54,HIGH,72,41,73,70,72,20,74,0,17,38
SYN-001178,PRIVATE,false,false,true,false,false,true,false,false,true,false,SOMETIMES,true,false,true,true,true,LOW,true,true,51,HIGH,68,39,35,72,76,43,35,35,78,17
SYN-001179,PRIVATE,true,false,false,false,false,false,false,false,false,false,NEVER,false,true,true,true,false,HIGH,true,true,47,HIGH,72,36,67,72,34,38,16,0,73,34
SYN-001180,PRIVATE,false,false,true,false,false,false,false,false,false,true,SOMETIMES,false,true,true,false,false,HIGH,true,true,42,HIGH,34,39,33,35,80,40,70,0,17,38
SYN-001181,PRIVATE,false,false,false,false,false,false,false,false,true,false,NEVER,true,false,true,true,false,HIGH,false,true,37,MODERATE,36,18,75,38,38,18,35,38,18,36
SYN-001182,PUBLIC,false,true,true,true,false,false,false,true,false,false,NEVER,false,false,false,true,false,UNKNOWN,true,true,61,HIGH,88,70,37,72,34,45,71,85,77,17
SYN-001183,PUBLIC,false,false,false,false,false,true,false,false,false,false,SOMETIMES,false,true,true,true,false,MEDIUM,false,true,46,HIGH,72,34,70,35,46,43,35,40,42,34
SYN-001184,PUBLIC,false,true,false,true,false,false,false,true,false,false,NEVER,false,true,false,false,true,HIGH,false,true,54,HIGH,80,67,37,43,34,18,70,80,35,76
SYN-001185,PRIVATE,true,false,false,false,false,true,true,true,true,false,NEVER,true,false,true,false,false,MEDIUM,true,true,51,HIGH,17,71,72,43,36,18,69,73,38,34
SYN-001186,FRIENDS_ONLY,false,false,true,false,false,false,true,false,false,false,NEVER,true,true,true,true,true,MEDIUM,true,true,51,HIGH,36,76,35,35,36,18,73,75,70,17
SYN-001187,PUBLIC,false,false,false,false,false,false,true,true,false,false,OFTEN,true,true,true,false,false,HIGH,true,true,44,HIGH,68,33,35,37,72,35,36,18,72,17
SYN-001188,PRIVATE,false,false,false,false,false,true,false,false,true,false,NEVER,true,true,true,false,false,HIGH,false,false,45,HIGH,17,70,78,35,34,0,16,0,77,74
SYN-001189,PUBLIC,false,false,true,true,false,false,true,false,false,false,NEVER,true,true,true,false,false,HIGH,false,true,52,HIGH,76,73,72,75,21,0,34,35,38,42
SYN-001190,PRIVATE,true,false,false,false,false,false,false,false,false,true,SOMETIMES,false,true,true,true,false,HIGH,true,true,50,HIGH,80,33,37,67,72,20,71,18,45,17
SYN-001191,PRIVATE,false,false,false,false,false,true,false,true,true,true,NEVER,false,true,true,false,false,HIGH,false,true,48,HIGH,0,33,73,78,17,83,35,35,73,74
SYN-001192,FRIENDS_ONLY,false,false,false,true,false,false,false,false,true,false,NEVER,false,true,true,true,true,HIGH,true,true,51,HIGH,34,34,70,78,17,35,85,0,72,17
SYN-001193,FRIENDS_ONLY,true,false,false,false,false,false,true,false,false,false,NEVER,true,true,true,true,true,HIGH,true,false,39,MODERATE,72,37,17,72,17,35,33,18,40,70
SYN-001194,PRIVATE,false,false,false,false,true,false,true,false,true,false,SOMETIMES,true,false,false,true,false,HIGH,false,true,57,HIGH,34,69,70,68,40,0,73,38,67,38
SYN-001195,PUBLIC,false,false,false,true,false,false,true,false,true,false,SOMETIMES,true,true,false,true,false,HIGH,false,true,54,HIGH,84,36,87,0,76,0,33,75,70,72
SYN-001196,PRIVATE,false,false,true,false,true,false,false,false,true,false,OFTEN,true,true,false,false,false,HIGH,false,false,50,HIGH,70,73,37,18,72,18,74,0,17,76
SYN-001197,NOT_SURE,true,false,true,false,true,true,true,true,true,true,NEVER,true,true,true,false,false,HIGH,false,true,60,HIGH,70,80,77,73,70,35,73,0,17,17
SYN-001198,NOT_SURE,false,false,false,true,true,false,false,true,true,false,NEVER,true,false,true,true,false,HIGH,false,false,60,HIGH,78,33,45,77,72,0,71,75,80,72
SYN-001199,PRIVATE,true,false,true,false,false,false,false,false,false,false,NEVER,true,true,true,true,false,MEDIUM,false,true,44,HIGH,19,69,17,72,34,0,69,35,40,44
SYN-001200,FRIENDS_ONLY,false,false,false,false,false,false,false,false,true,true,OFTEN,true,false,true,true,false,MEDIUM,true,true,53,HIGH,42,67,43,18,68,70,66,40,77,17
